[2026-01-18 12:32:56,668][INFO] - Logs will be saved to outputs/racformer_with_rwhi/2026-01-18/12-32-56
[2026-01-18 12:32:56,713][INFO] - Using GPU: Quadro RTX 8000
[2026-01-18 12:32:56,714][INFO] - Initializing DDP with 2 GPUs...
[2026-01-18 12:32:56,746][INFO] - Setting random seed: 0
[2026-01-18 12:32:56,747][INFO] - Loading training set from data/nuscenes/
[2026-01-18 12:33:11,681][INFO] - Loading validation set from data/nuscenes/
[2026-01-18 12:33:15,726][INFO] - Creating model: RaCFormer
[2026-01-18 12:33:16,579][INFO] - Model:
RaCFormer(
  (pts_bbox_head): RaCFormerHead(
    (loss_cls): FocalLoss()
    (loss_bbox): L1Loss()
    (loss_iou): GIoULoss()
    (activate): ReLU(inplace=True)
    (positional_encoding): SinePositionalEncoding(num_feats=128, temperature=10000, normalize=True, scale=6.283185307179586, eps=1e-06)
    (transformer): RaCFormerTransformer(
      (decoder): RaCFormerTransformerDecoder(
        (decoder_layer): RaCFormerTransformerDecoderLayer(
          (position_encoder): Sequential(
            (0): Linear(in_features=3, out_features=256, bias=True)
            (1): LayerNorm((256,), eps=1e-05, elementwise_affine=True)
            (2): ReLU(inplace=True)
            (3): Linear(in_features=256, out_features=256, bias=True)
            (4): LayerNorm((256,), eps=1e-05, elementwise_affine=True)
            (5): ReLU(inplace=True)
          )
          (self_attn): ScaleAdaptiveSelfAttention(
            (attention): MultiheadAttention(
              (attn): MultiheadAttention(
                (out_proj): NonDynamicallyQuantizableLinear(in_features=256, out_features=256, bias=True)
              )
              (proj_drop): Dropout(p=0.0, inplace=False)
              (dropout_layer): Dropout(p=0.0, inplace=False)
            )
            (gen_tau): Linear(in_features=256, out_features=8, bias=True)
          )
          (sampling): RaCFormerSampling(
            (ray_points_offset): Linear(in_features=256, out_features=3, bias=True)
            (sampling_offset): Linear(in_features=256, out_features=144, bias=True)
            (scale_weights): Linear(in_features=256, out_features=1536, bias=True)
          )
          (sampling_radar_bev): BEVSampling(
            (ray_points_offset): Linear(in_features=256, out_features=5, bias=True)
            (sampling_offset): Linear(in_features=256, out_features=160, bias=True)
            (scale_weights): Linear(in_features=256, out_features=80, bias=True)
            (positional_encoding): LearnedPositionalEncoding(num_feats=128, row_num_embed=128, col_num_embed=128)
            (attention): BEVSelfAttention(
              (dropout): Dropout(p=0.1, inplace=False)
              (bev_queue_weight): Linear(in_features=256, out_features=8, bias=True)
              (value_proj): Linear(in_features=256, out_features=256, bias=True)
              (output_proj): Linear(in_features=256, out_features=256, bias=True)
            )
            (temporal_encoder): RadarBEVTemporalEncoder(
              (convGRU): ConvGRU(
                (convGRUCell): ConvGRUCell(
                  (gates_conv): Conv2d(128, 192, kernel_size=(3, 3), stride=(1, 1), padding=(1, 1))
                  (matching_layer): Conv2d(64, 64, kernel_size=(1, 1), stride=(1, 1))
                )
              )
              (temporal_fusion): Conv2d(320, 256, kernel_size=(3, 3), stride=(1, 1), padding=(1, 1))
              (downsample): Conv2d(256, 64, kernel_size=(3, 3), stride=(2, 2), padding=(1, 1))
              (upsample): Sequential(
                (0): Upsample(scale_factor=2.0, mode='bilinear')
                (1): Conv2d(64, 64, kernel_size=(3, 3), stride=(1, 1), padding=(1, 1))
              )
            )
          )
          (sampling_lss_bev): BEVSampling(
            (ray_points_offset): Linear(in_features=256, out_features=5, bias=True)
            (sampling_offset): Linear(in_features=256, out_features=160, bias=True)
            (scale_weights): Linear(in_features=256, out_features=80, bias=True)
            (positional_encoding): LearnedPositionalEncoding(num_feats=128, row_num_embed=128, col_num_embed=128)
            (attention): BEVSelfAttention(
              (dropout): Dropout(p=0.1, inplace=False)
              (bev_queue_weight): Linear(in_features=256, out_features=8, bias=True)
              (value_proj): Linear(in_features=256, out_features=256, bias=True)
              (output_proj): Linear(in_features=256, out_features=256, bias=True)
            )
          )
          (mixing): AdaptiveMixing(
            (parameter_generator): Linear(in_features=256, out_features=65536, bias=True)
            (out_proj): Linear(in_features=32768, out_features=256, bias=True)
            (act): ReLU(inplace=True)
          )
          (ffn): FFN(
            (activate): ReLU(inplace=True)
            (layers): Sequential(
              (0): Sequential(
                (0): Linear(in_features=256, out_features=512, bias=True)
                (1): ReLU(inplace=True)
                (2): Dropout(p=0.1, inplace=False)
              )
              (1): Linear(in_features=512, out_features=256, bias=True)
              (2): Dropout(p=0.1, inplace=False)
            )
            (dropout_layer): Identity()
          )
          (norm1): LayerNorm((256,), eps=1e-05, elementwise_affine=True)
          (norm2): LayerNorm((256,), eps=1e-05, elementwise_affine=True)
          (norm3): LayerNorm((256,), eps=1e-05, elementwise_affine=True)
          (fusion): Linear(in_features=768, out_features=256, bias=True)
          (norm_radar_bev): LayerNorm((256,), eps=1e-05, elementwise_affine=True)
          (norm_lss_bev): LayerNorm((256,), eps=1e-05, elementwise_affine=True)
          (norm_fusion): LayerNorm((256,), eps=1e-05, elementwise_affine=True)
          (cls_branch): Sequential(
            (0): Linear(in_features=256, out_features=256, bias=True)
            (1): LayerNorm((256,), eps=1e-05, elementwise_affine=True)
            (2): ReLU(inplace=True)
            (3): Linear(in_features=256, out_features=256, bias=True)
            (4): LayerNorm((256,), eps=1e-05, elementwise_affine=True)
            (5): ReLU(inplace=True)
            (6): Linear(in_features=256, out_features=10, bias=True)
          )
          (reg_branch): Sequential(
            (0): Linear(in_features=256, out_features=256, bias=True)
            (1): ReLU(inplace=True)
            (2): Linear(in_features=256, out_features=256, bias=True)
            (3): ReLU(inplace=True)
            (4): Linear(in_features=256, out_features=10, bias=True)
          )
        )
      )
    )
    (label_enc): Embedding(11, 255)
    (rwhi_module): RWHIModule(
      (diffusion): MaxPool2d(kernel_size=3, stride=1, padding=1, dilation=1, ceil_mode=False)
    )
    (pos2content): Sequential(
      (0): Linear(in_features=3, out_features=256, bias=True)
      (1): LayerNorm((256,), eps=1e-05, elementwise_affine=True)
      (2): ReLU(inplace=True)
      (3): Linear(in_features=256, out_features=255, bias=True)
    )
    (init_query_bbox): Embedding(900, 10)
  )
  (img_backbone): ResNet(
    (conv1): Conv2d(3, 64, kernel_size=(7, 7), stride=(2, 2), padding=(3, 3), bias=False)
    (bn1): SyncBatchNorm(64, eps=1e-05, momentum=0.1, affine=True, track_running_stats=True)
    (relu): ReLU(inplace=True)
    (maxpool): MaxPool2d(kernel_size=3, stride=2, padding=1, dilation=1, ceil_mode=False)
    (layer1): ResLayer(
      (0): Bottleneck(
        (conv1): Conv2d(64, 64, kernel_size=(1, 1), stride=(1, 1), bias=False)
        (bn1): SyncBatchNorm(64, eps=1e-05, momentum=0.1, affine=True, track_running_stats=True)
        (conv2): Conv2d(64, 64, kernel_size=(3, 3), stride=(1, 1), padding=(1, 1), bias=False)
        (bn2): SyncBatchNorm(64, eps=1e-05, momentum=0.1, affine=True, track_running_stats=True)
        (conv3): Conv2d(64, 256, kernel_size=(1, 1), stride=(1, 1), bias=False)
        (bn3): SyncBatchNorm(256, eps=1e-05, momentum=0.1, affine=True, track_running_stats=True)
        (relu): ReLU(inplace=True)
        (downsample): Sequential(
          (0): Conv2d(64, 256, kernel_size=(1, 1), stride=(1, 1), bias=False)
          (1): SyncBatchNorm(256, eps=1e-05, momentum=0.1, affine=True, track_running_stats=True)
        )
      )
      init_cfg={'type': 'Constant', 'val': 0, 'override': {'name': 'norm3'}}
      (1): Bottleneck(
        (conv1): Conv2d(256, 64, kernel_size=(1, 1), stride=(1, 1), bias=False)
        (bn1): SyncBatchNorm(64, eps=1e-05, momentum=0.1, affine=True, track_running_stats=True)
        (conv2): Conv2d(64, 64, kernel_size=(3, 3), stride=(1, 1), padding=(1, 1), bias=False)
        (bn2): SyncBatchNorm(64, eps=1e-05, momentum=0.1, affine=True, track_running_stats=True)
        (conv3): Conv2d(64, 256, kernel_size=(1, 1), stride=(1, 1), bias=False)
        (bn3): SyncBatchNorm(256, eps=1e-05, momentum=0.1, affine=True, track_running_stats=True)
        (relu): ReLU(inplace=True)
      )
      init_cfg={'type': 'Constant', 'val': 0, 'override': {'name': 'norm3'}}
      (2): Bottleneck(
        (conv1): Conv2d(256, 64, kernel_size=(1, 1), stride=(1, 1), bias=False)
        (bn1): SyncBatchNorm(64, eps=1e-05, momentum=0.1, affine=True, track_running_stats=True)
        (conv2): Conv2d(64, 64, kernel_size=(3, 3), stride=(1, 1), padding=(1, 1), bias=False)
        (bn2): SyncBatchNorm(64, eps=1e-05, momentum=0.1, affine=True, track_running_stats=True)
        (conv3): Conv2d(64, 256, kernel_size=(1, 1), stride=(1, 1), bias=False)
        (bn3): SyncBatchNorm(256, eps=1e-05, momentum=0.1, affine=True, track_running_stats=True)
        (relu): ReLU(inplace=True)
      )
      init_cfg={'type': 'Constant', 'val': 0, 'override': {'name': 'norm3'}}
    )
    (layer2): ResLayer(
      (0): Bottleneck(
        (conv1): Conv2d(256, 128, kernel_size=(1, 1), stride=(1, 1), bias=False)
        (bn1): SyncBatchNorm(128, eps=1e-05, momentum=0.1, affine=True, track_running_stats=True)
        (conv2): Conv2d(128, 128, kernel_size=(3, 3), stride=(2, 2), padding=(1, 1), bias=False)
        (bn2): SyncBatchNorm(128, eps=1e-05, momentum=0.1, affine=True, track_running_stats=True)
        (conv3): Conv2d(128, 512, kernel_size=(1, 1), stride=(1, 1), bias=False)
        (bn3): SyncBatchNorm(512, eps=1e-05, momentum=0.1, affine=True, track_running_stats=True)
        (relu): ReLU(inplace=True)
        (downsample): Sequential(
          (0): Conv2d(256, 512, kernel_size=(1, 1), stride=(2, 2), bias=False)
          (1): SyncBatchNorm(512, eps=1e-05, momentum=0.1, affine=True, track_running_stats=True)
        )
      )
      init_cfg={'type': 'Constant', 'val': 0, 'override': {'name': 'norm3'}}
      (1): Bottleneck(
        (conv1): Conv2d(512, 128, kernel_size=(1, 1), stride=(1, 1), bias=False)
        (bn1): SyncBatchNorm(128, eps=1e-05, momentum=0.1, affine=True, track_running_stats=True)
        (conv2): Conv2d(128, 128, kernel_size=(3, 3), stride=(1, 1), padding=(1, 1), bias=False)
        (bn2): SyncBatchNorm(128, eps=1e-05, momentum=0.1, affine=True, track_running_stats=True)
        (conv3): Conv2d(128, 512, kernel_size=(1, 1), stride=(1, 1), bias=False)
        (bn3): SyncBatchNorm(512, eps=1e-05, momentum=0.1, affine=True, track_running_stats=True)
        (relu): ReLU(inplace=True)
      )
      init_cfg={'type': 'Constant', 'val': 0, 'override': {'name': 'norm3'}}
      (2): Bottleneck(
        (conv1): Conv2d(512, 128, kernel_size=(1, 1), stride=(1, 1), bias=False)
        (bn1): SyncBatchNorm(128, eps=1e-05, momentum=0.1, affine=True, track_running_stats=True)
        (conv2): Conv2d(128, 128, kernel_size=(3, 3), stride=(1, 1), padding=(1, 1), bias=False)
        (bn2): SyncBatchNorm(128, eps=1e-05, momentum=0.1, affine=True, track_running_stats=True)
        (conv3): Conv2d(128, 512, kernel_size=(1, 1), stride=(1, 1), bias=False)
        (bn3): SyncBatchNorm(512, eps=1e-05, momentum=0.1, affine=True, track_running_stats=True)
        (relu): ReLU(inplace=True)
      )
      init_cfg={'type': 'Constant', 'val': 0, 'override': {'name': 'norm3'}}
      (3): Bottleneck(
        (conv1): Conv2d(512, 128, kernel_size=(1, 1), stride=(1, 1), bias=False)
        (bn1): SyncBatchNorm(128, eps=1e-05, momentum=0.1, affine=True, track_running_stats=True)
        (conv2): Conv2d(128, 128, kernel_size=(3, 3), stride=(1, 1), padding=(1, 1), bias=False)
        (bn2): SyncBatchNorm(128, eps=1e-05, momentum=0.1, affine=True, track_running_stats=True)
        (conv3): Conv2d(128, 512, kernel_size=(1, 1), stride=(1, 1), bias=False)
        (bn3): SyncBatchNorm(512, eps=1e-05, momentum=0.1, affine=True, track_running_stats=True)
        (relu): ReLU(inplace=True)
      )
      init_cfg={'type': 'Constant', 'val': 0, 'override': {'name': 'norm3'}}
    )
    (layer3): ResLayer(
      (0): Bottleneck(
        (conv1): Conv2d(512, 256, kernel_size=(1, 1), stride=(1, 1), bias=False)
        (bn1): SyncBatchNorm(256, eps=1e-05, momentum=0.1, affine=True, track_running_stats=True)
        (conv2): Conv2d(256, 256, kernel_size=(3, 3), stride=(2, 2), padding=(1, 1), bias=False)
        (bn2): SyncBatchNorm(256, eps=1e-05, momentum=0.1, affine=True, track_running_stats=True)
        (conv3): Conv2d(256, 1024, kernel_size=(1, 1), stride=(1, 1), bias=False)
        (bn3): SyncBatchNorm(1024, eps=1e-05, momentum=0.1, affine=True, track_running_stats=True)
        (relu): ReLU(inplace=True)
        (downsample): Sequential(
          (0): Conv2d(512, 1024, kernel_size=(1, 1), stride=(2, 2), bias=False)
          (1): SyncBatchNorm(1024, eps=1e-05, momentum=0.1, affine=True, track_running_stats=True)
        )
      )
      init_cfg={'type': 'Constant', 'val': 0, 'override': {'name': 'norm3'}}
      (1): Bottleneck(
        (conv1): Conv2d(1024, 256, kernel_size=(1, 1), stride=(1, 1), bias=False)
        (bn1): SyncBatchNorm(256, eps=1e-05, momentum=0.1, affine=True, track_running_stats=True)
        (conv2): Conv2d(256, 256, kernel_size=(3, 3), stride=(1, 1), padding=(1, 1), bias=False)
        (bn2): SyncBatchNorm(256, eps=1e-05, momentum=0.1, affine=True, track_running_stats=True)
        (conv3): Conv2d(256, 1024, kernel_size=(1, 1), stride=(1, 1), bias=False)
        (bn3): SyncBatchNorm(1024, eps=1e-05, momentum=0.1, affine=True, track_running_stats=True)
        (relu): ReLU(inplace=True)
      )
      init_cfg={'type': 'Constant', 'val': 0, 'override': {'name': 'norm3'}}
      (2): Bottleneck(
        (conv1): Conv2d(1024, 256, kernel_size=(1, 1), stride=(1, 1), bias=False)
        (bn1): SyncBatchNorm(256, eps=1e-05, momentum=0.1, affine=True, track_running_stats=True)
        (conv2): Conv2d(256, 256, kernel_size=(3, 3), stride=(1, 1), padding=(1, 1), bias=False)
        (bn2): SyncBatchNorm(256, eps=1e-05, momentum=0.1, affine=True, track_running_stats=True)
        (conv3): Conv2d(256, 1024, kernel_size=(1, 1), stride=(1, 1), bias=False)
        (bn3): SyncBatchNorm(1024, eps=1e-05, momentum=0.1, affine=True, track_running_stats=True)
        (relu): ReLU(inplace=True)
      )
      init_cfg={'type': 'Constant', 'val': 0, 'override': {'name': 'norm3'}}
      (3): Bottleneck(
        (conv1): Conv2d(1024, 256, kernel_size=(1, 1), stride=(1, 1), bias=False)
        (bn1): SyncBatchNorm(256, eps=1e-05, momentum=0.1, affine=True, track_running_stats=True)
        (conv2): Conv2d(256, 256, kernel_size=(3, 3), stride=(1, 1), padding=(1, 1), bias=False)
        (bn2): SyncBatchNorm(256, eps=1e-05, momentum=0.1, affine=True, track_running_stats=True)
        (conv3): Conv2d(256, 1024, kernel_size=(1, 1), stride=(1, 1), bias=False)
        (bn3): SyncBatchNorm(1024, eps=1e-05, momentum=0.1, affine=True, track_running_stats=True)
        (relu): ReLU(inplace=True)
      )
      init_cfg={'type': 'Constant', 'val': 0, 'override': {'name': 'norm3'}}
      (4): Bottleneck(
        (conv1): Conv2d(1024, 256, kernel_size=(1, 1), stride=(1, 1), bias=False)
        (bn1): SyncBatchNorm(256, eps=1e-05, momentum=0.1, affine=True, track_running_stats=True)
        (conv2): Conv2d(256, 256, kernel_size=(3, 3), stride=(1, 1), padding=(1, 1), bias=False)
        (bn2): SyncBatchNorm(256, eps=1e-05, momentum=0.1, affine=True, track_running_stats=True)
        (conv3): Conv2d(256, 1024, kernel_size=(1, 1), stride=(1, 1), bias=False)
        (bn3): SyncBatchNorm(1024, eps=1e-05, momentum=0.1, affine=True, track_running_stats=True)
        (relu): ReLU(inplace=True)
      )
      init_cfg={'type': 'Constant', 'val': 0, 'override': {'name': 'norm3'}}
      (5): Bottleneck(
        (conv1): Conv2d(1024, 256, kernel_size=(1, 1), stride=(1, 1), bias=False)
        (bn1): SyncBatchNorm(256, eps=1e-05, momentum=0.1, affine=True, track_running_stats=True)
        (conv2): Conv2d(256, 256, kernel_size=(3, 3), stride=(1, 1), padding=(1, 1), bias=False)
        (bn2): SyncBatchNorm(256, eps=1e-05, momentum=0.1, affine=True, track_running_stats=True)
        (conv3): Conv2d(256, 1024, kernel_size=(1, 1), stride=(1, 1), bias=False)
        (bn3): SyncBatchNorm(1024, eps=1e-05, momentum=0.1, affine=True, track_running_stats=True)
        (relu): ReLU(inplace=True)
      )
      init_cfg={'type': 'Constant', 'val': 0, 'override': {'name': 'norm3'}}
    )
    (layer4): ResLayer(
      (0): Bottleneck(
        (conv1): Conv2d(1024, 512, kernel_size=(1, 1), stride=(1, 1), bias=False)
        (bn1): SyncBatchNorm(512, eps=1e-05, momentum=0.1, affine=True, track_running_stats=True)
        (conv2): Conv2d(512, 512, kernel_size=(3, 3), stride=(2, 2), padding=(1, 1), bias=False)
        (bn2): SyncBatchNorm(512, eps=1e-05, momentum=0.1, affine=True, track_running_stats=True)
        (conv3): Conv2d(512, 2048, kernel_size=(1, 1), stride=(1, 1), bias=False)
        (bn3): SyncBatchNorm(2048, eps=1e-05, momentum=0.1, affine=True, track_running_stats=True)
        (relu): ReLU(inplace=True)
        (downsample): Sequential(
          (0): Conv2d(1024, 2048, kernel_size=(1, 1), stride=(2, 2), bias=False)
          (1): SyncBatchNorm(2048, eps=1e-05, momentum=0.1, affine=True, track_running_stats=True)
        )
      )
      init_cfg={'type': 'Constant', 'val': 0, 'override': {'name': 'norm3'}}
      (1): Bottleneck(
        (conv1): Conv2d(2048, 512, kernel_size=(1, 1), stride=(1, 1), bias=False)
        (bn1): SyncBatchNorm(512, eps=1e-05, momentum=0.1, affine=True, track_running_stats=True)
        (conv2): Conv2d(512, 512, kernel_size=(3, 3), stride=(1, 1), padding=(1, 1), bias=False)
        (bn2): SyncBatchNorm(512, eps=1e-05, momentum=0.1, affine=True, track_running_stats=True)
        (conv3): Conv2d(512, 2048, kernel_size=(1, 1), stride=(1, 1), bias=False)
        (bn3): SyncBatchNorm(2048, eps=1e-05, momentum=0.1, affine=True, track_running_stats=True)
        (relu): ReLU(inplace=True)
      )
      init_cfg={'type': 'Constant', 'val': 0, 'override': {'name': 'norm3'}}
      (2): Bottleneck(
        (conv1): Conv2d(2048, 512, kernel_size=(1, 1), stride=(1, 1), bias=False)
        (bn1): SyncBatchNorm(512, eps=1e-05, momentum=0.1, affine=True, track_running_stats=True)
        (conv2): Conv2d(512, 512, kernel_size=(3, 3), stride=(1, 1), padding=(1, 1), bias=False)
        (bn2): SyncBatchNorm(512, eps=1e-05, momentum=0.1, affine=True, track_running_stats=True)
        (conv3): Conv2d(512, 2048, kernel_size=(1, 1), stride=(1, 1), bias=False)
        (bn3): SyncBatchNorm(2048, eps=1e-05, momentum=0.1, affine=True, track_running_stats=True)
        (relu): ReLU(inplace=True)
      )
      init_cfg={'type': 'Constant', 'val': 0, 'override': {'name': 'norm3'}}
    )
  )
  init_cfg=[{'type': 'Kaiming', 'layer': 'Conv2d'}, {'type': 'Constant', 'val': 1, 'layer': ['_BatchNorm', 'GroupNorm']}]
  (img_neck): FPN(
    (lateral_convs): ModuleList(
      (0): ConvModule(
        (conv): Conv2d(256, 256, kernel_size=(1, 1), stride=(1, 1))
      )
      (1): ConvModule(
        (conv): Conv2d(512, 256, kernel_size=(1, 1), stride=(1, 1))
      )
      (2): ConvModule(
        (conv): Conv2d(1024, 256, kernel_size=(1, 1), stride=(1, 1))
      )
      (3): ConvModule(
        (conv): Conv2d(2048, 256, kernel_size=(1, 1), stride=(1, 1))
      )
    )
    (fpn_convs): ModuleList(
      (0-3): 4 x ConvModule(
        (conv): Conv2d(256, 256, kernel_size=(3, 3), stride=(1, 1), padding=(1, 1))
      )
    )
  )
  init_cfg={'type': 'Xavier', 'layer': 'Conv2d', 'distribution': 'uniform'}
  (grid_mask): GridMask()
  (img_lss_neck): CustomFPN(
    (lateral_convs): ModuleList(
      (0): ConvModule(
        (conv): Conv2d(1024, 256, kernel_size=(1, 1), stride=(1, 1))
      )
      (1): ConvModule(
        (conv): Conv2d(2048, 256, kernel_size=(1, 1), stride=(1, 1))
      )
    )
    (fpn_convs): ModuleList(
      (0): ConvModule(
        (conv): Conv2d(256, 256, kernel_size=(3, 3), stride=(1, 1), padding=(1, 1))
      )
    )
  )
  init_cfg={'type': 'Xavier', 'layer': 'Conv2d', 'distribution': 'uniform'}
  (img_lss_view_transformer): LSSViewTransformerBEVDepth_racformer(
    (depth_net): DepthNet(
      (reduce_conv): Sequential(
        (0): Conv2d(256, 256, kernel_size=(3, 3), stride=(1, 1), padding=(1, 1))
        (1): SyncBatchNorm(256, eps=1e-05, momentum=0.1, affine=True, track_running_stats=True)
        (2): ReLU(inplace=True)
      )
      (context_conv): Conv2d(256, 256, kernel_size=(1, 1), stride=(1, 1))
      (bn): SyncBatchNorm(9, eps=1e-05, momentum=0.1, affine=True, track_running_stats=True)
      (depth_mlp): Mlp(
        (fc1): Linear(in_features=9, out_features=256, bias=True)
        (act): ReLU()
        (drop1): Dropout(p=0.0, inplace=False)
        (fc2): Linear(in_features=256, out_features=256, bias=True)
        (drop2): Dropout(p=0.0, inplace=False)
      )
      (depth_se): SELayer(
        (conv_reduce): Conv2d(256, 256, kernel_size=(1, 1), stride=(1, 1))
        (act1): ReLU()
        (conv_expand): Conv2d(256, 256, kernel_size=(1, 1), stride=(1, 1))
        (gate): Sigmoid()
      )
      (dep_proj): Conv2d(385, 256, kernel_size=(1, 1), stride=(1, 1))
      (context_mlp): Mlp(
        (fc1): Linear(in_features=9, out_features=256, bias=True)
        (act): ReLU()
        (drop1): Dropout(p=0.0, inplace=False)
        (fc2): Linear(in_features=256, out_features=256, bias=True)
        (drop2): Dropout(p=0.0, inplace=False)
      )
      (context_se): SELayer(
        (conv_reduce): Conv2d(256, 256, kernel_size=(1, 1), stride=(1, 1))
        (act1): ReLU()
        (conv_expand): Conv2d(256, 256, kernel_size=(1, 1), stride=(1, 1))
        (gate): Sigmoid()
      )
      (depth_conv): Sequential(
        (0): BasicBlock(
          (conv1): Conv2d(256, 256, kernel_size=(3, 3), stride=(1, 1), padding=(1, 1), bias=False)
          (bn1): SyncBatchNorm(256, eps=1e-05, momentum=0.1, affine=True, track_running_stats=True)
          (conv2): Conv2d(256, 256, kernel_size=(3, 3), stride=(1, 1), padding=(1, 1), bias=False)
          (bn2): SyncBatchNorm(256, eps=1e-05, momentum=0.1, affine=True, track_running_stats=True)
          (relu): ReLU(inplace=True)
        )
        (1): BasicBlock(
          (conv1): Conv2d(256, 256, kernel_size=(3, 3), stride=(1, 1), padding=(1, 1), bias=False)
          (bn1): SyncBatchNorm(256, eps=1e-05, momentum=0.1, affine=True, track_running_stats=True)
          (conv2): Conv2d(256, 256, kernel_size=(3, 3), stride=(1, 1), padding=(1, 1), bias=False)
          (bn2): SyncBatchNorm(256, eps=1e-05, momentum=0.1, affine=True, track_running_stats=True)
          (relu): ReLU(inplace=True)
        )
        (2): BasicBlock(
          (conv1): Conv2d(256, 256, kernel_size=(3, 3), stride=(1, 1), padding=(1, 1), bias=False)
          (bn1): SyncBatchNorm(256, eps=1e-05, momentum=0.1, affine=True, track_running_stats=True)
          (conv2): Conv2d(256, 256, kernel_size=(3, 3), stride=(1, 1), padding=(1, 1), bias=False)
          (bn2): SyncBatchNorm(256, eps=1e-05, momentum=0.1, affine=True, track_running_stats=True)
          (relu): ReLU(inplace=True)
        )
        (3): ASPP(
          (aspp1): _ASPPModule(
            (atrous_conv): Conv2d(256, 256, kernel_size=(1, 1), stride=(1, 1), bias=False)
            (bn): SyncBatchNorm(256, eps=1e-05, momentum=0.1, affine=True, track_running_stats=True)
            (relu): ReLU()
          )
          (aspp2): _ASPPModule(
            (atrous_conv): Conv2d(256, 256, kernel_size=(3, 3), stride=(1, 1), padding=(6, 6), dilation=(6, 6), bias=False)
            (bn): SyncBatchNorm(256, eps=1e-05, momentum=0.1, affine=True, track_running_stats=True)
            (relu): ReLU()
          )
          (aspp3): _ASPPModule(
            (atrous_conv): Conv2d(256, 256, kernel_size=(3, 3), stride=(1, 1), padding=(12, 12), dilation=(12, 12), bias=False)
            (bn): SyncBatchNorm(256, eps=1e-05, momentum=0.1, affine=True, track_running_stats=True)
            (relu): ReLU()
          )
          (aspp4): _ASPPModule(
            (atrous_conv): Conv2d(256, 256, kernel_size=(3, 3), stride=(1, 1), padding=(18, 18), dilation=(18, 18), bias=False)
            (bn): SyncBatchNorm(256, eps=1e-05, momentum=0.1, affine=True, track_running_stats=True)
            (relu): ReLU()
          )
          (global_avg_pool): Sequential(
            (0): AdaptiveAvgPool2d(output_size=(1, 1))
            (1): Conv2d(256, 256, kernel_size=(1, 1), stride=(1, 1), bias=False)
            (2): SyncBatchNorm(256, eps=1e-05, momentum=0.1, affine=True, track_running_stats=True)
            (3): ReLU()
          )
          (conv1): Conv2d(1280, 256, kernel_size=(1, 1), stride=(1, 1), bias=False)
          (bn1): SyncBatchNorm(256, eps=1e-05, momentum=0.1, affine=True, track_running_stats=True)
          (relu): ReLU()
          (dropout): Dropout(p=0.5, inplace=False)
        )
        (4): Conv2d(256, 96, kernel_size=(1, 1), stride=(1, 1))
      )
    )
    (rcs_embedding): Conv2d(64, 32, kernel_size=(1, 1), stride=(1, 1))
    (loss_func): FocalLoss()
  )
  (radar_voxel_layer): Voxelization(voxel_size=[0.8, 0.8, 8], point_cloud_range=[-51.2, -51.2, -5.0, 51.2, 51.2, 3.0], max_num_points=10, max_voxels=(30000, 40000), deterministic=False)
  (radar_voxel_encoder): PillarFeatureNet(
    (pfn_layers): ModuleList(
      (0): PFNLayer(
        (norm): SyncBatchNorm(64, eps=0.001, momentum=0.01, affine=True, track_running_stats=True)
        (linear): Linear(in_features=13, out_features=64, bias=False)
      )
    )
  )
  (radar_middle_encoder): PointPillarsScatter()
  (radar_bev_conv): Sequential(
    (0): ConvModule(
      (conv): Conv2d(64, 64, kernel_size=(3, 3), stride=(1, 1), padding=(1, 1), bias=False)
      (bn): SyncBatchNorm(64, eps=1e-05, momentum=0.1, affine=True, track_running_stats=True)
      (activate): ReLU(inplace=True)
    )
    (1): ConvModule(
      (conv): Conv2d(64, 64, kernel_size=(3, 3), stride=(1, 1), padding=(1, 1), bias=False)
      (bn): SyncBatchNorm(64, eps=1e-05, momentum=0.1, affine=True, track_running_stats=True)
      (activate): ReLU(inplace=True)
    )
    (2): ConvModule(
      (conv): Conv2d(64, 256, kernel_size=(3, 3), stride=(1, 1), padding=(1, 1), bias=False)
      (bn): SyncBatchNorm(256, eps=1e-05, momentum=0.1, affine=True, track_running_stats=True)
      (activate): ReLU(inplace=True)
    )
  )
)
[2026-01-18 12:33:16,740][INFO] - Trainable parameters: 63596695 (63.6M)
[2026-01-18 12:33:16,740][INFO] - Batch size per GPU: 4
[2026-01-18 12:33:16,760][INFO] - Creating optimizer: AdamW
[2026-01-18 12:33:16,788][INFO] - Loading checkpoint from pretrain/cascade_mask_rcnn_r50_fpn_coco-20e_20e_nuim_20201009_124951-40963960.pth
[2026-01-18 12:33:17,274][INFO] - Start running, host: duanxiong@wang, work_dir: /media/T1/zc/rac_rwhi_codex/outputs/racformer_with_rwhi/2026-01-18/12-32-56
[2026-01-18 12:33:17,275][INFO] - Hooks will be executed in the following order:
before_run:
(VERY_HIGH   ) CosineAnnealingLrUpdaterHook       
(ABOVE_NORMAL) Fp16OptimizerHook                  
(NORMAL      ) CheckpointHook                     
(NORMAL      ) SequentialControlHook              
(NORMAL      ) DistEvalHook                       
(VERY_LOW    ) MyTextLoggerHook                   
(VERY_LOW    ) MyTensorboardLoggerHook            
 -------------------- 
before_train_epoch:
(VERY_HIGH   ) CosineAnnealingLrUpdaterHook       
(NORMAL      ) SequentialControlHook              
(NORMAL      ) DistSamplerSeedHook                
(NORMAL      ) DistEvalHook                       
(LOW         ) IterTimerHook                      
(LOW         ) IterTimerHook                      
(VERY_LOW    ) MyTextLoggerHook                   
(VERY_LOW    ) MyTensorboardLoggerHook            
 -------------------- 
before_train_iter:
(VERY_HIGH   ) CosineAnnealingLrUpdaterHook       
(NORMAL      ) DistEvalHook                       
(LOW         ) IterTimerHook                      
(LOW         ) IterTimerHook                      
 -------------------- 
after_train_iter:
(ABOVE_NORMAL) Fp16OptimizerHook                  
(NORMAL      ) CheckpointHook                     
(NORMAL      ) DistEvalHook                       
(LOW         ) IterTimerHook                      
(LOW         ) IterTimerHook                      
(VERY_LOW    ) MyTextLoggerHook                   
(VERY_LOW    ) MyTensorboardLoggerHook            
 -------------------- 
after_train_epoch:
(NORMAL      ) CheckpointHook                     
(NORMAL      ) DistEvalHook                       
(VERY_LOW    ) MyTextLoggerHook                   
(VERY_LOW    ) MyTensorboardLoggerHook            
 -------------------- 
before_val_epoch:
(NORMAL      ) DistSamplerSeedHook                
(LOW         ) IterTimerHook                      
(LOW         ) IterTimerHook                      
(VERY_LOW    ) MyTextLoggerHook                   
(VERY_LOW    ) MyTensorboardLoggerHook            
 -------------------- 
before_val_iter:
(LOW         ) IterTimerHook                      
(LOW         ) IterTimerHook                      
 -------------------- 
after_val_iter:
(LOW         ) IterTimerHook                      
(LOW         ) IterTimerHook                      
 -------------------- 
after_val_epoch:
(VERY_LOW    ) MyTextLoggerHook                   
(VERY_LOW    ) MyTensorboardLoggerHook            
 -------------------- 
after_run:
(VERY_LOW    ) MyTextLoggerHook                   
(VERY_LOW    ) MyTensorboardLoggerHook            
 -------------------- 
[2026-01-18 12:33:17,275][INFO] - workflow: [('train', 1)], max: 20 epochs
[2026-01-18 12:33:17,277][INFO] - Checkpoints will be saved to /media/T1/zc/rac_rwhi_codex/outputs/racformer_with_rwhi/2026-01-18/12-32-56 by HardDiskBackend.
[2026-01-18 12:40:15,832][INFO] - Epoch [1/20][50/3517] loss: 53.22, loss_depth: 1.84, loss_cls_dn: 1.14, loss_bbox_dn: 2.66, d0.loss_cls_dn: 1.13, d0.loss_bbox_dn: 1.68, d1.loss_cls_dn: 1.14, d1.loss_bbox_dn: 1.84, d2.loss_cls_dn: 1.13, d2.loss_bbox_dn: 2.03, d3.loss_cls_dn: 1.13, d3.loss_bbox_dn: 2.24, d4.loss_cls_dn: 1.13, d4.loss_bbox_dn: 2.45, loss_cls: 1.37, loss_bbox: 3.83, d0.loss_cls: 1.36, d0.loss_bbox: 4.00, d1.loss_cls: 1.37, d1.loss_bbox: 3.96, d2.loss_cls: 1.37, d2.loss_bbox: 3.93, d3.loss_cls: 1.37, d3.loss_bbox: 3.89, d4.loss_cls: 1.37, d4.loss_bbox: 3.86, loss: 53.22, eta: 6 days, 15:34:38, time: 8.01s, data: 89ms, mem: 30254M
[2026-01-18 12:46:55,637][INFO] - Epoch [1/20][100/3517] loss: 40.49, loss_depth: 1.55, loss_cls_dn: 0.70, loss_bbox_dn: 1.89, d0.loss_cls_dn: 0.62, d0.loss_bbox_dn: 1.50, d1.loss_cls_dn: 0.66, d1.loss_bbox_dn: 1.54, d2.loss_cls_dn: 0.69, d2.loss_bbox_dn: 1.62, d3.loss_cls_dn: 0.69, d3.loss_bbox_dn: 1.70, d4.loss_cls_dn: 0.70, d4.loss_bbox_dn: 1.79, loss_cls: 1.20, loss_bbox: 2.88, d0.loss_cls: 1.11, d0.loss_bbox: 3.17, d1.loss_cls: 1.12, d1.loss_bbox: 3.03, d2.loss_cls: 1.15, d2.loss_bbox: 2.97, d3.loss_cls: 1.17, d3.loss_bbox: 2.93, d4.loss_cls: 1.19, d4.loss_bbox: 2.90, loss: 40.49, eta: 6 days, 13:11:58, time: 7.94s, data: 92ms, mem: 30254M
[2026-01-18 12:53:33,441][INFO] - Epoch [1/20][150/3517] loss: 34.49, loss_depth: 1.43, loss_cls_dn: 0.50, loss_bbox_dn: 1.72, d0.loss_cls_dn: 0.43, d0.loss_bbox_dn: 1.37, d1.loss_cls_dn: 0.46, d1.loss_bbox_dn: 1.41, d2.loss_cls_dn: 0.47, d2.loss_bbox_dn: 1.48, d3.loss_cls_dn: 0.49, d3.loss_bbox_dn: 1.55, d4.loss_cls_dn: 0.50, d4.loss_bbox_dn: 1.63, loss_cls: 1.04, loss_bbox: 2.43, d0.loss_cls: 1.06, d0.loss_bbox: 2.65, d1.loss_cls: 1.02, d1.loss_bbox: 2.49, d2.loss_cls: 1.01, d2.loss_bbox: 2.45, d3.loss_cls: 1.02, d3.loss_bbox: 2.43, d4.loss_cls: 1.03, d4.loss_bbox: 2.42, loss: 34.49, eta: 6 days, 12:26:38, time: 7.96s, data: 87ms, mem: 30494M
[2026-01-18 13:00:13,179][INFO] - Epoch [1/20][200/3517] loss: 30.66, loss_depth: 1.39, loss_cls_dn: 0.33, loss_bbox_dn: 1.50, d0.loss_cls_dn: 0.28, d0.loss_bbox_dn: 1.28, d1.loss_cls_dn: 0.29, d1.loss_bbox_dn: 1.31, d2.loss_cls_dn: 0.31, d2.loss_bbox_dn: 1.35, d3.loss_cls_dn: 0.32, d3.loss_bbox_dn: 1.39, d4.loss_cls_dn: 0.33, d4.loss_bbox_dn: 1.44, loss_cls: 0.97, loss_bbox: 2.18, d0.loss_cls: 1.00, d0.loss_bbox: 2.41, d1.loss_cls: 0.94, d1.loss_bbox: 2.24, d2.loss_cls: 0.94, d2.loss_bbox: 2.19, d3.loss_cls: 0.95, d3.loss_bbox: 2.18, d4.loss_cls: 0.96, d4.loss_bbox: 2.18, loss: 30.66, eta: 6 days, 11:52:05, time: 7.93s, data: 85ms, mem: 30494M
[2026-01-18 13:06:49,160][INFO] - Epoch [1/20][250/3517] loss: 30.48, loss_depth: 1.32, loss_cls_dn: 0.29, loss_bbox_dn: 1.58, d0.loss_cls_dn: 0.24, d0.loss_bbox_dn: 1.33, d1.loss_cls_dn: 0.25, d1.loss_bbox_dn: 1.35, d2.loss_cls_dn: 0.26, d2.loss_bbox_dn: 1.40, d3.loss_cls_dn: 0.27, d3.loss_bbox_dn: 1.45, d4.loss_cls_dn: 0.28, d4.loss_bbox_dn: 1.51, loss_cls: 0.95, loss_bbox: 2.19, d0.loss_cls: 0.99, d0.loss_bbox: 2.36, d1.loss_cls: 0.93, d1.loss_bbox: 2.21, d2.loss_cls: 0.92, d2.loss_bbox: 2.18, d3.loss_cls: 0.93, d3.loss_bbox: 2.17, d4.loss_cls: 0.94, d4.loss_bbox: 2.17, loss: 30.48, eta: 6 days, 11:20:59, time: 7.90s, data: 78ms, mem: 30494M
[2026-01-18 13:13:30,424][INFO] - Epoch [1/20][300/3517] loss: 28.81, loss_depth: 1.34, loss_cls_dn: 0.25, loss_bbox_dn: 1.49, d0.loss_cls_dn: 0.20, d0.loss_bbox_dn: 1.25, d1.loss_cls_dn: 0.22, d1.loss_bbox_dn: 1.27, d2.loss_cls_dn: 0.23, d2.loss_bbox_dn: 1.32, d3.loss_cls_dn: 0.24, d3.loss_bbox_dn: 1.37, d4.loss_cls_dn: 0.24, d4.loss_bbox_dn: 1.43, loss_cls: 0.89, loss_bbox: 2.06, d0.loss_cls: 0.95, d0.loss_bbox: 2.25, d1.loss_cls: 0.88, d1.loss_bbox: 2.12, d2.loss_cls: 0.87, d2.loss_bbox: 2.08, d3.loss_cls: 0.88, d3.loss_bbox: 2.06, d4.loss_cls: 0.88, d4.loss_bbox: 2.06, loss: 28.81, eta: 6 days, 11:31:25, time: 8.07s, data: 76ms, mem: 30494M
[2026-01-18 13:20:13,559][INFO] - Epoch [1/20][350/3517] loss: 28.67, loss_depth: 1.31, loss_cls_dn: 0.24, loss_bbox_dn: 1.50, d0.loss_cls_dn: 0.19, d0.loss_bbox_dn: 1.21, d1.loss_cls_dn: 0.21, d1.loss_bbox_dn: 1.24, d2.loss_cls_dn: 0.22, d2.loss_bbox_dn: 1.29, d3.loss_cls_dn: 0.23, d3.loss_bbox_dn: 1.36, d4.loss_cls_dn: 0.24, d4.loss_bbox_dn: 1.43, loss_cls: 0.87, loss_bbox: 2.09, d0.loss_cls: 0.93, d0.loss_bbox: 2.27, d1.loss_cls: 0.86, d1.loss_bbox: 2.14, d2.loss_cls: 0.86, d2.loss_bbox: 2.09, d3.loss_cls: 0.86, d3.loss_bbox: 2.08, d4.loss_cls: 0.87, d4.loss_bbox: 2.08, loss: 28.67, eta: 6 days, 11:39:31, time: 8.08s, data: 73ms, mem: 30494M
[2026-01-18 13:26:57,334][INFO] - Epoch [1/20][400/3517] loss: 27.53, loss_depth: 1.29, loss_cls_dn: 0.22, loss_bbox_dn: 1.37, d0.loss_cls_dn: 0.18, d0.loss_bbox_dn: 1.21, d1.loss_cls_dn: 0.19, d1.loss_bbox_dn: 1.22, d2.loss_cls_dn: 0.20, d2.loss_bbox_dn: 1.24, d3.loss_cls_dn: 0.21, d3.loss_bbox_dn: 1.28, d4.loss_cls_dn: 0.21, d4.loss_bbox_dn: 1.32, loss_cls: 0.86, loss_bbox: 1.99, d0.loss_cls: 0.91, d0.loss_bbox: 2.19, d1.loss_cls: 0.85, d1.loss_bbox: 2.05, d2.loss_cls: 0.85, d2.loss_bbox: 2.01, d3.loss_cls: 0.85, d3.loss_bbox: 1.99, d4.loss_cls: 0.85, d4.loss_bbox: 1.99, loss: 27.53, eta: 6 days, 11:35:16, time: 8.02s, data: 73ms, mem: 30984M
[2026-01-18 13:33:33,765][INFO] - Epoch [1/20][450/3517] loss: 28.55, loss_depth: 1.29, loss_cls_dn: 0.23, loss_bbox_dn: 1.51, d0.loss_cls_dn: 0.17, d0.loss_bbox_dn: 1.23, d1.loss_cls_dn: 0.19, d1.loss_bbox_dn: 1.26, d2.loss_cls_dn: 0.20, d2.loss_bbox_dn: 1.31, d3.loss_cls_dn: 0.21, d3.loss_bbox_dn: 1.38, d4.loss_cls_dn: 0.22, d4.loss_bbox_dn: 1.44, loss_cls: 0.87, loss_bbox: 2.08, d0.loss_cls: 0.94, d0.loss_bbox: 2.22, d1.loss_cls: 0.86, d1.loss_bbox: 2.11, d2.loss_cls: 0.86, d2.loss_bbox: 2.08, d3.loss_cls: 0.86, d3.loss_bbox: 2.07, d4.loss_cls: 0.86, d4.loss_bbox: 2.07, loss: 28.55, eta: 6 days, 11:10:22, time: 7.87s, data: 73ms, mem: 30984M
[2026-01-18 13:40:12,482][INFO] - Epoch [1/20][500/3517] loss: 28.19, loss_depth: 1.28, loss_cls_dn: 0.21, loss_bbox_dn: 1.40, d0.loss_cls_dn: 0.16, d0.loss_bbox_dn: 1.22, d1.loss_cls_dn: 0.18, d1.loss_bbox_dn: 1.23, d2.loss_cls_dn: 0.19, d2.loss_bbox_dn: 1.26, d3.loss_cls_dn: 0.20, d3.loss_bbox_dn: 1.30, d4.loss_cls_dn: 0.20, d4.loss_bbox_dn: 1.35, loss_cls: 0.86, loss_bbox: 2.11, d0.loss_cls: 0.92, d0.loss_bbox: 2.27, d1.loss_cls: 0.84, d1.loss_bbox: 2.15, d2.loss_cls: 0.83, d2.loss_bbox: 2.12, d3.loss_cls: 0.84, d3.loss_bbox: 2.11, d4.loss_cls: 0.85, d4.loss_bbox: 2.10, loss: 28.19, eta: 6 days, 10:51:55, time: 7.89s, data: 74ms, mem: 30984M
[2026-01-18 13:46:48,633][INFO] - Epoch [1/20][550/3517] loss: 27.10, loss_depth: 1.29, loss_cls_dn: 0.20, loss_bbox_dn: 1.35, d0.loss_cls_dn: 0.16, d0.loss_bbox_dn: 1.19, d1.loss_cls_dn: 0.17, d1.loss_bbox_dn: 1.19, d2.loss_cls_dn: 0.18, d2.loss_bbox_dn: 1.22, d3.loss_cls_dn: 0.18, d3.loss_bbox_dn: 1.26, d4.loss_cls_dn: 0.19, d4.loss_bbox_dn: 1.30, loss_cls: 0.88, loss_bbox: 1.94, d0.loss_cls: 0.94, d0.loss_bbox: 2.13, d1.loss_cls: 0.87, d1.loss_bbox: 2.01, d2.loss_cls: 0.86, d2.loss_bbox: 1.96, d3.loss_cls: 0.87, d3.loss_bbox: 1.95, d4.loss_cls: 0.87, d4.loss_bbox: 1.94, loss: 27.10, eta: 6 days, 10:45:36, time: 7.99s, data: 71ms, mem: 30984M
[2026-01-18 13:53:30,540][INFO] - Epoch [1/20][600/3517] loss: 27.00, loss_depth: 1.25, loss_cls_dn: 0.20, loss_bbox_dn: 1.32, d0.loss_cls_dn: 0.16, d0.loss_bbox_dn: 1.18, d1.loss_cls_dn: 0.17, d1.loss_bbox_dn: 1.18, d2.loss_cls_dn: 0.18, d2.loss_bbox_dn: 1.20, d3.loss_cls_dn: 0.19, d3.loss_bbox_dn: 1.24, d4.loss_cls_dn: 0.19, d4.loss_bbox_dn: 1.27, loss_cls: 0.83, loss_bbox: 2.02, d0.loss_cls: 0.90, d0.loss_bbox: 2.14, d1.loss_cls: 0.82, d1.loss_bbox: 2.05, d2.loss_cls: 0.81, d2.loss_bbox: 2.03, d3.loss_cls: 0.82, d3.loss_bbox: 2.02, d4.loss_cls: 0.83, d4.loss_bbox: 2.02, loss: 27.00, eta: 6 days, 10:47:15, time: 8.07s, data: 73ms, mem: 30984M
[2026-01-18 13:59:58,753][INFO] - Epoch [1/20][650/3517] loss: 26.67, loss_depth: 1.24, loss_cls_dn: 0.19, loss_bbox_dn: 1.31, d0.loss_cls_dn: 0.14, d0.loss_bbox_dn: 1.20, d1.loss_cls_dn: 0.16, d1.loss_bbox_dn: 1.20, d2.loss_cls_dn: 0.17, d2.loss_bbox_dn: 1.22, d3.loss_cls_dn: 0.17, d3.loss_bbox_dn: 1.25, d4.loss_cls_dn: 0.18, d4.loss_bbox_dn: 1.28, loss_cls: 0.85, loss_bbox: 1.93, d0.loss_cls: 0.93, d0.loss_bbox: 2.11, d1.loss_cls: 0.83, d1.loss_bbox: 2.00, d2.loss_cls: 0.82, d2.loss_bbox: 1.96, d3.loss_cls: 0.83, d3.loss_bbox: 1.94, d4.loss_cls: 0.84, d4.loss_bbox: 1.94, loss: 26.67, eta: 6 days, 10:19:38, time: 7.76s, data: 71ms, mem: 30984M
[2026-01-18 14:06:44,886][INFO] - Epoch [1/20][700/3517] loss: 26.67, loss_depth: 1.24, loss_cls_dn: 0.18, loss_bbox_dn: 1.36, d0.loss_cls_dn: 0.14, d0.loss_bbox_dn: 1.18, d1.loss_cls_dn: 0.15, d1.loss_bbox_dn: 1.19, d2.loss_cls_dn: 0.16, d2.loss_bbox_dn: 1.22, d3.loss_cls_dn: 0.17, d3.loss_bbox_dn: 1.26, d4.loss_cls_dn: 0.17, d4.loss_bbox_dn: 1.31, loss_cls: 0.80, loss_bbox: 1.97, d0.loss_cls: 0.89, d0.loss_bbox: 2.15, d1.loss_cls: 0.79, d1.loss_bbox: 2.03, d2.loss_cls: 0.78, d2.loss_bbox: 1.99, d3.loss_cls: 0.79, d3.loss_bbox: 1.97, d4.loss_cls: 0.80, d4.loss_bbox: 1.97, loss: 26.67, eta: 6 days, 10:34:03, time: 8.23s, data: 73ms, mem: 30984M
[2026-01-18 14:13:33,647][INFO] - Epoch [1/20][750/3517] loss: 25.64, loss_depth: 1.21, loss_cls_dn: 0.17, loss_bbox_dn: 1.27, d0.loss_cls_dn: 0.13, d0.loss_bbox_dn: 1.13, d1.loss_cls_dn: 0.14, d1.loss_bbox_dn: 1.13, d2.loss_cls_dn: 0.15, d2.loss_bbox_dn: 1.16, d3.loss_cls_dn: 0.15, d3.loss_bbox_dn: 1.19, d4.loss_cls_dn: 0.16, d4.loss_bbox_dn: 1.23, loss_cls: 0.81, loss_bbox: 1.87, d0.loss_cls: 0.89, d0.loss_bbox: 2.10, d1.loss_cls: 0.79, d1.loss_bbox: 1.95, d2.loss_cls: 0.78, d2.loss_bbox: 1.90, d3.loss_cls: 0.79, d3.loss_bbox: 1.88, d4.loss_cls: 0.80, d4.loss_bbox: 1.88, loss: 25.64, eta: 6 days, 10:37:45, time: 8.12s, data: 70ms, mem: 31048M
[2026-01-18 14:20:15,303][INFO] - Epoch [1/20][800/3517] loss: 25.96, loss_depth: 1.21, loss_cls_dn: 0.18, loss_bbox_dn: 1.26, d0.loss_cls_dn: 0.13, d0.loss_bbox_dn: 1.16, d1.loss_cls_dn: 0.14, d1.loss_bbox_dn: 1.16, d2.loss_cls_dn: 0.15, d2.loss_bbox_dn: 1.17, d3.loss_cls_dn: 0.16, d3.loss_bbox_dn: 1.20, d4.loss_cls_dn: 0.17, d4.loss_bbox_dn: 1.23, loss_cls: 0.79, loss_bbox: 1.94, d0.loss_cls: 0.88, d0.loss_bbox: 2.10, d1.loss_cls: 0.79, d1.loss_bbox: 1.99, d2.loss_cls: 0.77, d2.loss_bbox: 1.95, d3.loss_cls: 0.78, d3.loss_bbox: 1.94, d4.loss_cls: 0.78, d4.loss_bbox: 1.94, loss: 25.96, eta: 6 days, 10:27:23, time: 7.95s, data: 74ms, mem: 31048M
[2026-01-18 14:26:53,523][INFO] - Epoch [1/20][850/3517] loss: 25.57, loss_depth: 1.21, loss_cls_dn: 0.17, loss_bbox_dn: 1.29, d0.loss_cls_dn: 0.13, d0.loss_bbox_dn: 1.16, d1.loss_cls_dn: 0.14, d1.loss_bbox_dn: 1.16, d2.loss_cls_dn: 0.15, d2.loss_bbox_dn: 1.18, d3.loss_cls_dn: 0.15, d3.loss_bbox_dn: 1.21, d4.loss_cls_dn: 0.16, d4.loss_bbox_dn: 1.25, loss_cls: 0.78, loss_bbox: 1.87, d0.loss_cls: 0.88, d0.loss_bbox: 2.05, d1.loss_cls: 0.78, d1.loss_bbox: 1.93, d2.loss_cls: 0.77, d2.loss_bbox: 1.88, d3.loss_cls: 0.77, d3.loss_bbox: 1.87, d4.loss_cls: 0.78, d4.loss_bbox: 1.87, loss: 25.57, eta: 6 days, 10:15:58, time: 7.93s, data: 72ms, mem: 31048M
[2026-01-18 14:33:32,199][INFO] - Epoch [1/20][900/3517] loss: 25.09, loss_depth: 1.20, loss_cls_dn: 0.16, loss_bbox_dn: 1.25, d0.loss_cls_dn: 0.12, d0.loss_bbox_dn: 1.15, d1.loss_cls_dn: 0.13, d1.loss_bbox_dn: 1.14, d2.loss_cls_dn: 0.14, d2.loss_bbox_dn: 1.16, d3.loss_cls_dn: 0.15, d3.loss_bbox_dn: 1.18, d4.loss_cls_dn: 0.15, d4.loss_bbox_dn: 1.21, loss_cls: 0.78, loss_bbox: 1.82, d0.loss_cls: 0.88, d0.loss_bbox: 2.01, d1.loss_cls: 0.77, d1.loss_bbox: 1.89, d2.loss_cls: 0.76, d2.loss_bbox: 1.85, d3.loss_cls: 0.76, d3.loss_bbox: 1.83, d4.loss_cls: 0.77, d4.loss_bbox: 1.82, loss: 25.09, eta: 6 days, 10:00:05, time: 7.85s, data: 74ms, mem: 31048M
[2026-01-18 14:40:10,750][INFO] - Epoch [1/20][950/3517] loss: 24.80, loss_depth: 1.20, loss_cls_dn: 0.14, loss_bbox_dn: 1.19, d0.loss_cls_dn: 0.11, d0.loss_bbox_dn: 1.13, d1.loss_cls_dn: 0.12, d1.loss_bbox_dn: 1.12, d2.loss_cls_dn: 0.12, d2.loss_bbox_dn: 1.13, d3.loss_cls_dn: 0.13, d3.loss_bbox_dn: 1.15, d4.loss_cls_dn: 0.14, d4.loss_bbox_dn: 1.17, loss_cls: 0.77, loss_bbox: 1.83, d0.loss_cls: 0.86, d0.loss_bbox: 2.03, d1.loss_cls: 0.76, d1.loss_bbox: 1.91, d2.loss_cls: 0.75, d2.loss_bbox: 1.86, d3.loss_cls: 0.75, d3.loss_bbox: 1.84, d4.loss_cls: 0.76, d4.loss_bbox: 1.83, loss: 24.80, eta: 6 days, 9:56:25, time: 8.03s, data: 75ms, mem: 31049M
[2026-01-18 14:46:47,410][INFO] - Epoch [1/20][1000/3517] loss: 24.51, loss_depth: 1.20, loss_cls_dn: 0.14, loss_bbox_dn: 1.18, d0.loss_cls_dn: 0.11, d0.loss_bbox_dn: 1.13, d1.loss_cls_dn: 0.11, d1.loss_bbox_dn: 1.11, d2.loss_cls_dn: 0.12, d2.loss_bbox_dn: 1.12, d3.loss_cls_dn: 0.13, d3.loss_bbox_dn: 1.14, d4.loss_cls_dn: 0.13, d4.loss_bbox_dn: 1.16, loss_cls: 0.78, loss_bbox: 1.78, d0.loss_cls: 0.88, d0.loss_bbox: 1.98, d1.loss_cls: 0.77, d1.loss_bbox: 1.85, d2.loss_cls: 0.76, d2.loss_bbox: 1.80, d3.loss_cls: 0.77, d3.loss_bbox: 1.78, d4.loss_cls: 0.77, d4.loss_bbox: 1.78, loss: 24.51, eta: 6 days, 9:48:26, time: 7.96s, data: 77ms, mem: 31049M
[2026-01-18 14:53:25,270][INFO] - Epoch [1/20][1050/3517] loss: 25.30, loss_depth: 1.21, loss_cls_dn: 0.14, loss_bbox_dn: 1.24, d0.loss_cls_dn: 0.12, d0.loss_bbox_dn: 1.16, d1.loss_cls_dn: 0.12, d1.loss_bbox_dn: 1.15, d2.loss_cls_dn: 0.12, d2.loss_bbox_dn: 1.16, d3.loss_cls_dn: 0.13, d3.loss_bbox_dn: 1.18, d4.loss_cls_dn: 0.14, d4.loss_bbox_dn: 1.21, loss_cls: 0.77, loss_bbox: 1.87, d0.loss_cls: 0.87, d0.loss_bbox: 2.07, d1.loss_cls: 0.77, d1.loss_bbox: 1.94, d2.loss_cls: 0.76, d2.loss_bbox: 1.89, d3.loss_cls: 0.76, d3.loss_bbox: 1.88, d4.loss_cls: 0.77, d4.loss_bbox: 1.87, loss: 25.30, eta: 6 days, 9:38:36, time: 7.93s, data: 78ms, mem: 31049M
[2026-01-18 15:00:09,813][INFO] - Epoch [1/20][1100/3517] loss: 24.69, loss_depth: 1.20, loss_cls_dn: 0.14, loss_bbox_dn: 1.23, d0.loss_cls_dn: 0.11, d0.loss_bbox_dn: 1.13, d1.loss_cls_dn: 0.12, d1.loss_bbox_dn: 1.13, d2.loss_cls_dn: 0.12, d2.loss_bbox_dn: 1.15, d3.loss_cls_dn: 0.13, d3.loss_bbox_dn: 1.17, d4.loss_cls_dn: 0.13, d4.loss_bbox_dn: 1.20, loss_cls: 0.76, loss_bbox: 1.79, d0.loss_cls: 0.86, d0.loss_bbox: 2.01, d1.loss_cls: 0.77, d1.loss_bbox: 1.86, d2.loss_cls: 0.76, d2.loss_bbox: 1.82, d3.loss_cls: 0.76, d3.loss_bbox: 1.80, d4.loss_cls: 0.76, d4.loss_bbox: 1.79, loss: 24.69, eta: 6 days, 9:32:36, time: 7.99s, data: 74ms, mem: 31049M
[2026-01-18 15:06:50,436][INFO] - Epoch [1/20][1150/3517] loss: 24.85, loss_depth: 1.20, loss_cls_dn: 0.14, loss_bbox_dn: 1.22, d0.loss_cls_dn: 0.11, d0.loss_bbox_dn: 1.14, d1.loss_cls_dn: 0.11, d1.loss_bbox_dn: 1.13, d2.loss_cls_dn: 0.12, d2.loss_bbox_dn: 1.14, d3.loss_cls_dn: 0.13, d3.loss_bbox_dn: 1.17, d4.loss_cls_dn: 0.13, d4.loss_bbox_dn: 1.19, loss_cls: 0.76, loss_bbox: 1.82, d0.loss_cls: 0.86, d0.loss_bbox: 2.03, d1.loss_cls: 0.77, d1.loss_bbox: 1.90, d2.loss_cls: 0.75, d2.loss_bbox: 1.85, d3.loss_cls: 0.75, d3.loss_bbox: 1.84, d4.loss_cls: 0.75, d4.loss_bbox: 1.83, loss: 24.85, eta: 6 days, 9:23:13, time: 7.93s, data: 76ms, mem: 31049M
[2026-01-18 15:13:31,883][INFO] - Epoch [1/20][1200/3517] loss: 24.59, loss_depth: 1.17, loss_cls_dn: 0.12, loss_bbox_dn: 1.21, d0.loss_cls_dn: 0.10, d0.loss_bbox_dn: 1.13, d1.loss_cls_dn: 0.10, d1.loss_bbox_dn: 1.12, d2.loss_cls_dn: 0.11, d2.loss_bbox_dn: 1.13, d3.loss_cls_dn: 0.11, d3.loss_bbox_dn: 1.15, d4.loss_cls_dn: 0.12, d4.loss_bbox_dn: 1.18, loss_cls: 0.73, loss_bbox: 1.84, d0.loss_cls: 0.84, d0.loss_bbox: 2.05, d1.loss_cls: 0.75, d1.loss_bbox: 1.90, d2.loss_cls: 0.73, d2.loss_bbox: 1.86, d3.loss_cls: 0.73, d3.loss_bbox: 1.84, d4.loss_cls: 0.73, d4.loss_bbox: 1.84, loss: 24.59, eta: 6 days, 9:16:04, time: 7.97s, data: 75ms, mem: 31049M
[2026-01-18 15:20:05,927][INFO] - Epoch [1/20][1250/3517] loss: 24.72, loss_depth: 1.17, loss_cls_dn: 0.13, loss_bbox_dn: 1.21, d0.loss_cls_dn: 0.11, d0.loss_bbox_dn: 1.14, d1.loss_cls_dn: 0.11, d1.loss_bbox_dn: 1.13, d2.loss_cls_dn: 0.11, d2.loss_bbox_dn: 1.14, d3.loss_cls_dn: 0.12, d3.loss_bbox_dn: 1.16, d4.loss_cls_dn: 0.13, d4.loss_bbox_dn: 1.18, loss_cls: 0.75, loss_bbox: 1.82, d0.loss_cls: 0.87, d0.loss_bbox: 2.04, d1.loss_cls: 0.76, d1.loss_bbox: 1.90, d2.loss_cls: 0.74, d2.loss_bbox: 1.85, d3.loss_cls: 0.74, d3.loss_bbox: 1.83, d4.loss_cls: 0.75, d4.loss_bbox: 1.83, loss: 24.72, eta: 6 days, 9:04:05, time: 7.86s, data: 78ms, mem: 31049M
[2026-01-18 15:26:44,495][INFO] - Epoch [1/20][1300/3517] loss: 24.30, loss_depth: 1.16, loss_cls_dn: 0.13, loss_bbox_dn: 1.21, d0.loss_cls_dn: 0.11, d0.loss_bbox_dn: 1.10, d1.loss_cls_dn: 0.11, d1.loss_bbox_dn: 1.10, d2.loss_cls_dn: 0.12, d2.loss_bbox_dn: 1.12, d3.loss_cls_dn: 0.12, d3.loss_bbox_dn: 1.14, d4.loss_cls_dn: 0.13, d4.loss_bbox_dn: 1.18, loss_cls: 0.73, loss_bbox: 1.80, d0.loss_cls: 0.85, d0.loss_bbox: 1.99, d1.loss_cls: 0.74, d1.loss_bbox: 1.86, d2.loss_cls: 0.72, d2.loss_bbox: 1.83, d3.loss_cls: 0.72, d3.loss_bbox: 1.81, d4.loss_cls: 0.72, d4.loss_bbox: 1.80, loss: 24.30, eta: 6 days, 8:57:07, time: 7.97s, data: 77ms, mem: 31049M
[2026-01-18 15:33:22,544][INFO] - Epoch [1/20][1350/3517] loss: 23.99, loss_depth: 1.16, loss_cls_dn: 0.12, loss_bbox_dn: 1.18, d0.loss_cls_dn: 0.10, d0.loss_bbox_dn: 1.13, d1.loss_cls_dn: 0.10, d1.loss_bbox_dn: 1.11, d2.loss_cls_dn: 0.10, d2.loss_bbox_dn: 1.13, d3.loss_cls_dn: 0.10, d3.loss_bbox_dn: 1.14, d4.loss_cls_dn: 0.11, d4.loss_bbox_dn: 1.16, loss_cls: 0.71, loss_bbox: 1.78, d0.loss_cls: 0.83, d0.loss_bbox: 1.97, d1.loss_cls: 0.73, d1.loss_bbox: 1.84, d2.loss_cls: 0.71, d2.loss_bbox: 1.80, d3.loss_cls: 0.70, d3.loss_bbox: 1.79, d4.loss_cls: 0.70, d4.loss_bbox: 1.78, loss: 23.99, eta: 6 days, 8:50:16, time: 7.97s, data: 79ms, mem: 31049M
[2026-01-18 15:39:57,890][INFO] - Epoch [1/20][1400/3517] loss: 25.07, loss_depth: 1.18, loss_cls_dn: 0.12, loss_bbox_dn: 1.28, d0.loss_cls_dn: 0.11, d0.loss_bbox_dn: 1.17, d1.loss_cls_dn: 0.10, d1.loss_bbox_dn: 1.17, d2.loss_cls_dn: 0.11, d2.loss_bbox_dn: 1.19, d3.loss_cls_dn: 0.11, d3.loss_bbox_dn: 1.21, d4.loss_cls_dn: 0.12, d4.loss_bbox_dn: 1.25, loss_cls: 0.73, loss_bbox: 1.85, d0.loss_cls: 0.86, d0.loss_bbox: 2.07, d1.loss_cls: 0.75, d1.loss_bbox: 1.92, d2.loss_cls: 0.73, d2.loss_bbox: 1.87, d3.loss_cls: 0.73, d3.loss_bbox: 1.86, d4.loss_cls: 0.73, d4.loss_bbox: 1.85, loss: 25.07, eta: 6 days, 8:41:13, time: 7.92s, data: 76ms, mem: 31049M
[2026-01-18 15:46:35,245][INFO] - Epoch [1/20][1450/3517] loss: 23.93, loss_depth: 1.17, loss_cls_dn: 0.11, loss_bbox_dn: 1.16, d0.loss_cls_dn: 0.09, d0.loss_bbox_dn: 1.08, d1.loss_cls_dn: 0.09, d1.loss_bbox_dn: 1.07, d2.loss_cls_dn: 0.10, d2.loss_bbox_dn: 1.08, d3.loss_cls_dn: 0.10, d3.loss_bbox_dn: 1.11, d4.loss_cls_dn: 0.11, d4.loss_bbox_dn: 1.13, loss_cls: 0.71, loss_bbox: 1.78, d0.loss_cls: 0.83, d0.loss_bbox: 2.07, d1.loss_cls: 0.72, d1.loss_bbox: 1.90, d2.loss_cls: 0.70, d2.loss_bbox: 1.83, d3.loss_cls: 0.70, d3.loss_bbox: 1.81, d4.loss_cls: 0.70, d4.loss_bbox: 1.79, loss: 23.93, eta: 6 days, 8:30:09, time: 7.86s, data: 79ms, mem: 31049M
[2026-01-18 15:53:16,322][INFO] - Epoch [1/20][1500/3517] loss: 24.33, loss_depth: 1.16, loss_cls_dn: 0.12, loss_bbox_dn: 1.19, d0.loss_cls_dn: 0.10, d0.loss_bbox_dn: 1.10, d1.loss_cls_dn: 0.10, d1.loss_bbox_dn: 1.09, d2.loss_cls_dn: 0.11, d2.loss_bbox_dn: 1.11, d3.loss_cls_dn: 0.11, d3.loss_bbox_dn: 1.13, d4.loss_cls_dn: 0.12, d4.loss_bbox_dn: 1.16, loss_cls: 0.72, loss_bbox: 1.81, d0.loss_cls: 0.81, d0.loss_bbox: 2.07, d1.loss_cls: 0.74, d1.loss_bbox: 1.92, d2.loss_cls: 0.72, d2.loss_bbox: 1.86, d3.loss_cls: 0.71, d3.loss_bbox: 1.83, d4.loss_cls: 0.72, d4.loss_bbox: 1.82, loss: 24.33, eta: 6 days, 8:24:55, time: 8.01s, data: 76ms, mem: 31354M
[2026-01-18 15:59:53,902][INFO] - Epoch [1/20][1550/3517] loss: 24.31, loss_depth: 1.16, loss_cls_dn: 0.12, loss_bbox_dn: 1.20, d0.loss_cls_dn: 0.10, d0.loss_bbox_dn: 1.14, d1.loss_cls_dn: 0.10, d1.loss_bbox_dn: 1.12, d2.loss_cls_dn: 0.10, d2.loss_bbox_dn: 1.14, d3.loss_cls_dn: 0.11, d3.loss_bbox_dn: 1.15, d4.loss_cls_dn: 0.11, d4.loss_bbox_dn: 1.18, loss_cls: 0.72, loss_bbox: 1.80, d0.loss_cls: 0.85, d0.loss_bbox: 2.02, d1.loss_cls: 0.75, d1.loss_bbox: 1.87, d2.loss_cls: 0.72, d2.loss_bbox: 1.82, d3.loss_cls: 0.71, d3.loss_bbox: 1.80, d4.loss_cls: 0.71, d4.loss_bbox: 1.80, loss: 24.31, eta: 6 days, 8:16:55, time: 7.93s, data: 77ms, mem: 31354M
[2026-01-18 16:06:29,227][INFO] - Epoch [1/20][1600/3517] loss: 23.68, loss_depth: 1.15, loss_cls_dn: 0.11, loss_bbox_dn: 1.14, d0.loss_cls_dn: 0.09, d0.loss_bbox_dn: 1.10, d1.loss_cls_dn: 0.09, d1.loss_bbox_dn: 1.08, d2.loss_cls_dn: 0.10, d2.loss_bbox_dn: 1.09, d3.loss_cls_dn: 0.10, d3.loss_bbox_dn: 1.11, d4.loss_cls_dn: 0.11, d4.loss_bbox_dn: 1.12, loss_cls: 0.70, loss_bbox: 1.77, d0.loss_cls: 0.86, d0.loss_bbox: 1.96, d1.loss_cls: 0.74, d1.loss_bbox: 1.82, d2.loss_cls: 0.71, d2.loss_bbox: 1.78, d3.loss_cls: 0.70, d3.loss_bbox: 1.77, d4.loss_cls: 0.70, d4.loss_bbox: 1.77, loss: 23.68, eta: 6 days, 8:10:53, time: 7.99s, data: 80ms, mem: 31354M
[2026-01-18 16:13:07,332][INFO] - Epoch [1/20][1650/3517] loss: 23.85, loss_depth: 1.15, loss_cls_dn: 0.11, loss_bbox_dn: 1.19, d0.loss_cls_dn: 0.09, d0.loss_bbox_dn: 1.12, d1.loss_cls_dn: 0.09, d1.loss_bbox_dn: 1.11, d2.loss_cls_dn: 0.09, d2.loss_bbox_dn: 1.12, d3.loss_cls_dn: 0.10, d3.loss_bbox_dn: 1.14, d4.loss_cls_dn: 0.10, d4.loss_bbox_dn: 1.16, loss_cls: 0.69, loss_bbox: 1.78, d0.loss_cls: 0.84, d0.loss_bbox: 1.97, d1.loss_cls: 0.72, d1.loss_bbox: 1.84, d2.loss_cls: 0.70, d2.loss_bbox: 1.80, d3.loss_cls: 0.69, d3.loss_bbox: 1.78, d4.loss_cls: 0.69, d4.loss_bbox: 1.78, loss: 23.85, eta: 6 days, 8:05:36, time: 8.01s, data: 79ms, mem: 31354M
[2026-01-18 16:19:43,191][INFO] - Epoch [1/20][1700/3517] loss: 24.33, loss_depth: 1.14, loss_cls_dn: 0.12, loss_bbox_dn: 1.23, d0.loss_cls_dn: 0.10, d0.loss_bbox_dn: 1.16, d1.loss_cls_dn: 0.10, d1.loss_bbox_dn: 1.14, d2.loss_cls_dn: 0.10, d2.loss_bbox_dn: 1.16, d3.loss_cls_dn: 0.11, d3.loss_bbox_dn: 1.18, d4.loss_cls_dn: 0.12, d4.loss_bbox_dn: 1.20, loss_cls: 0.69, loss_bbox: 1.78, d0.loss_cls: 0.83, d0.loss_bbox: 2.04, d1.loss_cls: 0.72, d1.loss_bbox: 1.89, d2.loss_cls: 0.70, d2.loss_bbox: 1.84, d3.loss_cls: 0.69, d3.loss_bbox: 1.81, d4.loss_cls: 0.69, d4.loss_bbox: 1.80, loss: 24.33, eta: 6 days, 7:54:48, time: 7.85s, data: 77ms, mem: 31354M
[2026-01-18 16:26:20,814][INFO] - Epoch [1/20][1750/3517] loss: 24.20, loss_depth: 1.12, loss_cls_dn: 0.10, loss_bbox_dn: 1.20, d0.loss_cls_dn: 0.09, d0.loss_bbox_dn: 1.11, d1.loss_cls_dn: 0.09, d1.loss_bbox_dn: 1.10, d2.loss_cls_dn: 0.09, d2.loss_bbox_dn: 1.11, d3.loss_cls_dn: 0.09, d3.loss_bbox_dn: 1.14, d4.loss_cls_dn: 0.10, d4.loss_bbox_dn: 1.17, loss_cls: 0.74, loss_bbox: 1.80, d0.loss_cls: 0.84, d0.loss_bbox: 2.04, d1.loss_cls: 0.75, d1.loss_bbox: 1.89, d2.loss_cls: 0.73, d2.loss_bbox: 1.83, d3.loss_cls: 0.73, d3.loss_bbox: 1.81, d4.loss_cls: 0.74, d4.loss_bbox: 1.81, loss: 24.20, eta: 6 days, 7:46:19, time: 7.91s, data: 78ms, mem: 31354M
[2026-01-18 16:32:59,874][INFO] - Epoch [1/20][1800/3517] loss: 23.72, loss_depth: 1.14, loss_cls_dn: 0.11, loss_bbox_dn: 1.15, d0.loss_cls_dn: 0.09, d0.loss_bbox_dn: 1.10, d1.loss_cls_dn: 0.09, d1.loss_bbox_dn: 1.08, d2.loss_cls_dn: 0.09, d2.loss_bbox_dn: 1.09, d3.loss_cls_dn: 0.10, d3.loss_bbox_dn: 1.11, d4.loss_cls_dn: 0.10, d4.loss_bbox_dn: 1.13, loss_cls: 0.74, loss_bbox: 1.75, d0.loss_cls: 0.86, d0.loss_bbox: 1.95, d1.loss_cls: 0.75, d1.loss_bbox: 1.81, d2.loss_cls: 0.73, d2.loss_bbox: 1.77, d3.loss_cls: 0.73, d3.loss_bbox: 1.75, d4.loss_cls: 0.73, d4.loss_bbox: 1.75, loss: 23.72, eta: 6 days, 7:38:43, time: 7.94s, data: 75ms, mem: 31354M
[2026-01-18 16:39:38,172][INFO] - Epoch [1/20][1850/3517] loss: 23.77, loss_depth: 1.14, loss_cls_dn: 0.10, loss_bbox_dn: 1.17, d0.loss_cls_dn: 0.09, d0.loss_bbox_dn: 1.11, d1.loss_cls_dn: 0.08, d1.loss_bbox_dn: 1.10, d2.loss_cls_dn: 0.09, d2.loss_bbox_dn: 1.11, d3.loss_cls_dn: 0.09, d3.loss_bbox_dn: 1.12, d4.loss_cls_dn: 0.10, d4.loss_bbox_dn: 1.14, loss_cls: 0.71, loss_bbox: 1.77, d0.loss_cls: 0.84, d0.loss_bbox: 1.96, d1.loss_cls: 0.74, d1.loss_bbox: 1.83, d2.loss_cls: 0.72, d2.loss_bbox: 1.80, d3.loss_cls: 0.71, d3.loss_bbox: 1.78, d4.loss_cls: 0.71, d4.loss_bbox: 1.77, loss: 23.77, eta: 6 days, 7:32:49, time: 7.99s, data: 77ms, mem: 31354M
[2026-01-18 16:46:12,002][INFO] - Epoch [1/20][1900/3517] loss: 23.58, loss_depth: 1.14, loss_cls_dn: 0.11, loss_bbox_dn: 1.14, d0.loss_cls_dn: 0.09, d0.loss_bbox_dn: 1.10, d1.loss_cls_dn: 0.09, d1.loss_bbox_dn: 1.08, d2.loss_cls_dn: 0.09, d2.loss_bbox_dn: 1.09, d3.loss_cls_dn: 0.10, d3.loss_bbox_dn: 1.10, d4.loss_cls_dn: 0.10, d4.loss_bbox_dn: 1.12, loss_cls: 0.72, loss_bbox: 1.74, d0.loss_cls: 0.84, d0.loss_bbox: 1.95, d1.loss_cls: 0.74, d1.loss_bbox: 1.81, d2.loss_cls: 0.73, d2.loss_bbox: 1.77, d3.loss_cls: 0.72, d3.loss_bbox: 1.75, d4.loss_cls: 0.72, d4.loss_bbox: 1.74, loss: 23.58, eta: 6 days, 7:24:19, time: 7.90s, data: 73ms, mem: 31354M
[2026-01-18 16:52:50,802][INFO] - Epoch [1/20][1950/3517] loss: 23.45, loss_depth: 1.11, loss_cls_dn: 0.11, loss_bbox_dn: 1.18, d0.loss_cls_dn: 0.09, d0.loss_bbox_dn: 1.08, d1.loss_cls_dn: 0.09, d1.loss_bbox_dn: 1.07, d2.loss_cls_dn: 0.10, d2.loss_bbox_dn: 1.09, d3.loss_cls_dn: 0.10, d3.loss_bbox_dn: 1.12, d4.loss_cls_dn: 0.11, d4.loss_bbox_dn: 1.15, loss_cls: 0.71, loss_bbox: 1.73, d0.loss_cls: 0.83, d0.loss_bbox: 1.91, d1.loss_cls: 0.73, d1.loss_bbox: 1.79, d2.loss_cls: 0.71, d2.loss_bbox: 1.76, d3.loss_cls: 0.70, d3.loss_bbox: 1.74, d4.loss_cls: 0.70, d4.loss_bbox: 1.73, loss: 23.45, eta: 6 days, 7:14:16, time: 7.85s, data: 75ms, mem: 31354M
[2026-01-18 16:59:28,765][INFO] - Epoch [1/20][2000/3517] loss: 23.58, loss_depth: 1.13, loss_cls_dn: 0.10, loss_bbox_dn: 1.15, d0.loss_cls_dn: 0.09, d0.loss_bbox_dn: 1.10, d1.loss_cls_dn: 0.09, d1.loss_bbox_dn: 1.08, d2.loss_cls_dn: 0.09, d2.loss_bbox_dn: 1.09, d3.loss_cls_dn: 0.09, d3.loss_bbox_dn: 1.11, d4.loss_cls_dn: 0.10, d4.loss_bbox_dn: 1.13, loss_cls: 0.69, loss_bbox: 1.78, d0.loss_cls: 0.83, d0.loss_bbox: 1.97, d1.loss_cls: 0.72, d1.loss_bbox: 1.83, d2.loss_cls: 0.70, d2.loss_bbox: 1.79, d3.loss_cls: 0.69, d3.loss_bbox: 1.78, d4.loss_cls: 0.68, d4.loss_bbox: 1.78, loss: 23.58, eta: 6 days, 7:08:14, time: 7.98s, data: 76ms, mem: 31354M
[2026-01-18 17:06:07,693][INFO] - Epoch [1/20][2050/3517] loss: 23.45, loss_depth: 1.11, loss_cls_dn: 0.10, loss_bbox_dn: 1.15, d0.loss_cls_dn: 0.09, d0.loss_bbox_dn: 1.10, d1.loss_cls_dn: 0.09, d1.loss_bbox_dn: 1.08, d2.loss_cls_dn: 0.09, d2.loss_bbox_dn: 1.09, d3.loss_cls_dn: 0.09, d3.loss_bbox_dn: 1.11, d4.loss_cls_dn: 0.10, d4.loss_bbox_dn: 1.13, loss_cls: 0.67, loss_bbox: 1.75, d0.loss_cls: 0.84, d0.loss_bbox: 1.97, d1.loss_cls: 0.71, d1.loss_bbox: 1.84, d2.loss_cls: 0.69, d2.loss_bbox: 1.78, d3.loss_cls: 0.68, d3.loss_bbox: 1.76, d4.loss_cls: 0.67, d4.loss_bbox: 1.76, loss: 23.45, eta: 6 days, 7:01:27, time: 7.96s, data: 75ms, mem: 31354M
[2026-01-18 17:12:51,005][INFO] - Epoch [1/20][2100/3517] loss: 23.27, loss_depth: 1.13, loss_cls_dn: 0.10, loss_bbox_dn: 1.11, d0.loss_cls_dn: 0.09, d0.loss_bbox_dn: 1.08, d1.loss_cls_dn: 0.09, d1.loss_bbox_dn: 1.06, d2.loss_cls_dn: 0.09, d2.loss_bbox_dn: 1.06, d3.loss_cls_dn: 0.10, d3.loss_bbox_dn: 1.08, d4.loss_cls_dn: 0.10, d4.loss_bbox_dn: 1.09, loss_cls: 0.69, loss_bbox: 1.74, d0.loss_cls: 0.83, d0.loss_bbox: 1.95, d1.loss_cls: 0.72, d1.loss_bbox: 1.81, d2.loss_cls: 0.70, d2.loss_bbox: 1.77, d3.loss_cls: 0.69, d3.loss_bbox: 1.75, d4.loss_cls: 0.69, d4.loss_bbox: 1.74, loss: 23.27, eta: 6 days, 6:58:25, time: 8.09s, data: 73ms, mem: 31354M
[2026-01-18 17:19:28,480][INFO] - Epoch [1/20][2150/3517] loss: 23.18, loss_depth: 1.13, loss_cls_dn: 0.11, loss_bbox_dn: 1.15, d0.loss_cls_dn: 0.09, d0.loss_bbox_dn: 1.09, d1.loss_cls_dn: 0.09, d1.loss_bbox_dn: 1.07, d2.loss_cls_dn: 0.10, d2.loss_bbox_dn: 1.08, d3.loss_cls_dn: 0.10, d3.loss_bbox_dn: 1.10, d4.loss_cls_dn: 0.10, d4.loss_bbox_dn: 1.12, loss_cls: 0.69, loss_bbox: 1.70, d0.loss_cls: 0.83, d0.loss_bbox: 1.92, d1.loss_cls: 0.72, d1.loss_bbox: 1.78, d2.loss_cls: 0.70, d2.loss_bbox: 1.73, d3.loss_cls: 0.69, d3.loss_bbox: 1.71, d4.loss_cls: 0.69, d4.loss_bbox: 1.70, loss: 23.18, eta: 6 days, 6:52:30, time: 7.99s, data: 73ms, mem: 31354M
[2026-01-18 17:26:08,875][INFO] - Epoch [1/20][2200/3517] loss: 23.15, loss_depth: 1.12, loss_cls_dn: 0.10, loss_bbox_dn: 1.14, d0.loss_cls_dn: 0.09, d0.loss_bbox_dn: 1.09, d1.loss_cls_dn: 0.08, d1.loss_bbox_dn: 1.07, d2.loss_cls_dn: 0.08, d2.loss_bbox_dn: 1.08, d3.loss_cls_dn: 0.09, d3.loss_bbox_dn: 1.09, d4.loss_cls_dn: 0.09, d4.loss_bbox_dn: 1.11, loss_cls: 0.68, loss_bbox: 1.71, d0.loss_cls: 0.81, d0.loss_bbox: 1.97, d1.loss_cls: 0.71, d1.loss_bbox: 1.81, d2.loss_cls: 0.69, d2.loss_bbox: 1.75, d3.loss_cls: 0.68, d3.loss_bbox: 1.72, d4.loss_cls: 0.68, d4.loss_bbox: 1.71, loss: 23.15, eta: 6 days, 6:47:14, time: 8.02s, data: 73ms, mem: 31354M
[2026-01-18 17:32:43,260][INFO] - Epoch [1/20][2250/3517] loss: 22.90, loss_depth: 1.11, loss_cls_dn: 0.10, loss_bbox_dn: 1.13, d0.loss_cls_dn: 0.08, d0.loss_bbox_dn: 1.08, d1.loss_cls_dn: 0.08, d1.loss_bbox_dn: 1.06, d2.loss_cls_dn: 0.08, d2.loss_bbox_dn: 1.07, d3.loss_cls_dn: 0.09, d3.loss_bbox_dn: 1.09, d4.loss_cls_dn: 0.09, d4.loss_bbox_dn: 1.11, loss_cls: 0.67, loss_bbox: 1.70, d0.loss_cls: 0.81, d0.loss_bbox: 1.93, d1.loss_cls: 0.71, d1.loss_bbox: 1.77, d2.loss_cls: 0.68, d2.loss_bbox: 1.72, d3.loss_cls: 0.67, d3.loss_bbox: 1.70, d4.loss_cls: 0.67, d4.loss_bbox: 1.70, loss: 22.90, eta: 6 days, 6:40:48, time: 7.97s, data: 73ms, mem: 31354M
[2026-01-18 17:39:22,362][INFO] - Epoch [1/20][2300/3517] loss: 23.17, loss_depth: 1.10, loss_cls_dn: 0.09, loss_bbox_dn: 1.14, d0.loss_cls_dn: 0.08, d0.loss_bbox_dn: 1.09, d1.loss_cls_dn: 0.08, d1.loss_bbox_dn: 1.07, d2.loss_cls_dn: 0.08, d2.loss_bbox_dn: 1.08, d3.loss_cls_dn: 0.09, d3.loss_bbox_dn: 1.10, d4.loss_cls_dn: 0.09, d4.loss_bbox_dn: 1.12, loss_cls: 0.67, loss_bbox: 1.74, d0.loss_cls: 0.81, d0.loss_bbox: 1.94, d1.loss_cls: 0.71, d1.loss_bbox: 1.80, d2.loss_cls: 0.68, d2.loss_bbox: 1.76, d3.loss_cls: 0.67, d3.loss_bbox: 1.74, d4.loss_cls: 0.67, d4.loss_bbox: 1.74, loss: 23.17, eta: 6 days, 6:33:18, time: 7.93s, data: 71ms, mem: 31354M
[2026-01-18 17:45:57,308][INFO] - Epoch [1/20][2350/3517] loss: 22.84, loss_depth: 1.11, loss_cls_dn: 0.09, loss_bbox_dn: 1.12, d0.loss_cls_dn: 0.08, d0.loss_bbox_dn: 1.07, d1.loss_cls_dn: 0.08, d1.loss_bbox_dn: 1.04, d2.loss_cls_dn: 0.08, d2.loss_bbox_dn: 1.05, d3.loss_cls_dn: 0.08, d3.loss_bbox_dn: 1.07, d4.loss_cls_dn: 0.09, d4.loss_bbox_dn: 1.09, loss_cls: 0.66, loss_bbox: 1.71, d0.loss_cls: 0.82, d0.loss_bbox: 1.95, d1.loss_cls: 0.70, d1.loss_bbox: 1.79, d2.loss_cls: 0.67, d2.loss_bbox: 1.74, d3.loss_cls: 0.66, d3.loss_bbox: 1.72, d4.loss_cls: 0.66, d4.loss_bbox: 1.71, loss: 22.84, eta: 6 days, 6:25:10, time: 7.90s, data: 73ms, mem: 31354M
[2026-01-18 17:52:39,164][INFO] - Epoch [1/20][2400/3517] loss: 22.52, loss_depth: 1.10, loss_cls_dn: 0.10, loss_bbox_dn: 1.08, d0.loss_cls_dn: 0.08, d0.loss_bbox_dn: 1.05, d1.loss_cls_dn: 0.08, d1.loss_bbox_dn: 1.03, d2.loss_cls_dn: 0.08, d2.loss_bbox_dn: 1.03, d3.loss_cls_dn: 0.09, d3.loss_bbox_dn: 1.05, d4.loss_cls_dn: 0.09, d4.loss_bbox_dn: 1.06, loss_cls: 0.66, loss_bbox: 1.68, d0.loss_cls: 0.79, d0.loss_bbox: 1.93, d1.loss_cls: 0.69, d1.loss_bbox: 1.76, d2.loss_cls: 0.67, d2.loss_bbox: 1.72, d3.loss_cls: 0.66, d3.loss_bbox: 1.69, d4.loss_cls: 0.66, d4.loss_bbox: 1.69, loss: 22.52, eta: 6 days, 6:22:10, time: 8.12s, data: 67ms, mem: 31354M
[2026-01-18 17:59:21,033][INFO] - Epoch [1/20][2450/3517] loss: 22.81, loss_depth: 1.11, loss_cls_dn: 0.10, loss_bbox_dn: 1.11, d0.loss_cls_dn: 0.08, d0.loss_bbox_dn: 1.07, d1.loss_cls_dn: 0.08, d1.loss_bbox_dn: 1.04, d2.loss_cls_dn: 0.08, d2.loss_bbox_dn: 1.05, d3.loss_cls_dn: 0.09, d3.loss_bbox_dn: 1.07, d4.loss_cls_dn: 0.09, d4.loss_bbox_dn: 1.09, loss_cls: 0.68, loss_bbox: 1.68, d0.loss_cls: 0.81, d0.loss_bbox: 1.96, d1.loss_cls: 0.71, d1.loss_bbox: 1.78, d2.loss_cls: 0.68, d2.loss_bbox: 1.72, d3.loss_cls: 0.68, d3.loss_bbox: 1.70, d4.loss_cls: 0.68, d4.loss_bbox: 1.69, loss: 22.81, eta: 6 days, 6:17:57, time: 8.07s, data: 68ms, mem: 31354M
[2026-01-18 18:05:58,169][INFO] - Epoch [1/20][2500/3517] loss: 22.72, loss_depth: 1.10, loss_cls_dn: 0.09, loss_bbox_dn: 1.11, d0.loss_cls_dn: 0.08, d0.loss_bbox_dn: 1.05, d1.loss_cls_dn: 0.08, d1.loss_bbox_dn: 1.03, d2.loss_cls_dn: 0.08, d2.loss_bbox_dn: 1.04, d3.loss_cls_dn: 0.08, d3.loss_bbox_dn: 1.06, d4.loss_cls_dn: 0.08, d4.loss_bbox_dn: 1.09, loss_cls: 0.66, loss_bbox: 1.72, d0.loss_cls: 0.78, d0.loss_bbox: 1.94, d1.loss_cls: 0.68, d1.loss_bbox: 1.79, d2.loss_cls: 0.66, d2.loss_bbox: 1.75, d3.loss_cls: 0.66, d3.loss_bbox: 1.73, d4.loss_cls: 0.66, d4.loss_bbox: 1.72, loss: 22.72, eta: 6 days, 6:10:44, time: 7.94s, data: 70ms, mem: 31354M
[2026-01-18 18:12:37,315][INFO] - Epoch [1/20][2550/3517] loss: 22.86, loss_depth: 1.09, loss_cls_dn: 0.09, loss_bbox_dn: 1.09, d0.loss_cls_dn: 0.08, d0.loss_bbox_dn: 1.05, d1.loss_cls_dn: 0.08, d1.loss_bbox_dn: 1.03, d2.loss_cls_dn: 0.08, d2.loss_bbox_dn: 1.03, d3.loss_cls_dn: 0.09, d3.loss_bbox_dn: 1.05, d4.loss_cls_dn: 0.09, d4.loss_bbox_dn: 1.07, loss_cls: 0.66, loss_bbox: 1.74, d0.loss_cls: 0.80, d0.loss_bbox: 1.96, d1.loss_cls: 0.70, d1.loss_bbox: 1.81, d2.loss_cls: 0.67, d2.loss_bbox: 1.77, d3.loss_cls: 0.66, d3.loss_bbox: 1.75, d4.loss_cls: 0.66, d4.loss_bbox: 1.75, loss: 22.86, eta: 6 days, 6:04:03, time: 7.97s, data: 74ms, mem: 31354M
[2026-01-18 18:19:15,857][INFO] - Epoch [1/20][2600/3517] loss: 22.41, loss_depth: 1.11, loss_cls_dn: 0.09, loss_bbox_dn: 1.09, d0.loss_cls_dn: 0.08, d0.loss_bbox_dn: 1.04, d1.loss_cls_dn: 0.08, d1.loss_bbox_dn: 1.01, d2.loss_cls_dn: 0.08, d2.loss_bbox_dn: 1.02, d3.loss_cls_dn: 0.08, d3.loss_bbox_dn: 1.04, d4.loss_cls_dn: 0.09, d4.loss_bbox_dn: 1.07, loss_cls: 0.68, loss_bbox: 1.65, d0.loss_cls: 0.81, d0.loss_bbox: 1.90, d1.loss_cls: 0.71, d1.loss_bbox: 1.74, d2.loss_cls: 0.69, d2.loss_bbox: 1.67, d3.loss_cls: 0.68, d3.loss_bbox: 1.65, d4.loss_cls: 0.68, d4.loss_bbox: 1.65, loss: 22.41, eta: 6 days, 5:58:20, time: 8.01s, data: 73ms, mem: 31354M
[2026-01-18 18:25:58,268][INFO] - Epoch [1/20][2650/3517] loss: 22.75, loss_depth: 1.10, loss_cls_dn: 0.09, loss_bbox_dn: 1.11, d0.loss_cls_dn: 0.08, d0.loss_bbox_dn: 1.06, d1.loss_cls_dn: 0.07, d1.loss_bbox_dn: 1.03, d2.loss_cls_dn: 0.08, d2.loss_bbox_dn: 1.04, d3.loss_cls_dn: 0.08, d3.loss_bbox_dn: 1.06, d4.loss_cls_dn: 0.08, d4.loss_bbox_dn: 1.08, loss_cls: 0.67, loss_bbox: 1.70, d0.loss_cls: 0.80, d0.loss_bbox: 1.96, d1.loss_cls: 0.70, d1.loss_bbox: 1.79, d2.loss_cls: 0.68, d2.loss_bbox: 1.73, d3.loss_cls: 0.67, d3.loss_bbox: 1.71, d4.loss_cls: 0.67, d4.loss_bbox: 1.70, loss: 22.75, eta: 6 days, 5:54:50, time: 8.12s, data: 75ms, mem: 31354M
[2026-01-18 18:32:35,062][INFO] - Epoch [1/20][2700/3517] loss: 22.16, loss_depth: 1.10, loss_cls_dn: 0.09, loss_bbox_dn: 1.13, d0.loss_cls_dn: 0.08, d0.loss_bbox_dn: 1.03, d1.loss_cls_dn: 0.08, d1.loss_bbox_dn: 1.01, d2.loss_cls_dn: 0.08, d2.loss_bbox_dn: 1.03, d3.loss_cls_dn: 0.08, d3.loss_bbox_dn: 1.06, d4.loss_cls_dn: 0.09, d4.loss_bbox_dn: 1.09, loss_cls: 0.67, loss_bbox: 1.61, d0.loss_cls: 0.81, d0.loss_bbox: 1.84, d1.loss_cls: 0.71, d1.loss_bbox: 1.69, d2.loss_cls: 0.68, d2.loss_bbox: 1.64, d3.loss_cls: 0.67, d3.loss_bbox: 1.62, d4.loss_cls: 0.67, d4.loss_bbox: 1.62, loss: 22.16, eta: 6 days, 5:46:50, time: 7.91s, data: 75ms, mem: 31354M
[2026-01-18 18:39:11,834][INFO] - Epoch [1/20][2750/3517] loss: 22.49, loss_depth: 1.10, loss_cls_dn: 0.09, loss_bbox_dn: 1.13, d0.loss_cls_dn: 0.08, d0.loss_bbox_dn: 1.05, d1.loss_cls_dn: 0.08, d1.loss_bbox_dn: 1.02, d2.loss_cls_dn: 0.08, d2.loss_bbox_dn: 1.04, d3.loss_cls_dn: 0.08, d3.loss_bbox_dn: 1.07, d4.loss_cls_dn: 0.09, d4.loss_bbox_dn: 1.10, loss_cls: 0.67, loss_bbox: 1.65, d0.loss_cls: 0.81, d0.loss_bbox: 1.88, d1.loss_cls: 0.71, d1.loss_bbox: 1.73, d2.loss_cls: 0.69, d2.loss_bbox: 1.68, d3.loss_cls: 0.68, d3.loss_bbox: 1.66, d4.loss_cls: 0.67, d4.loss_bbox: 1.65, loss: 22.49, eta: 6 days, 5:38:12, time: 7.87s, data: 76ms, mem: 31354M
[2026-01-18 18:45:51,471][INFO] - Epoch [1/20][2800/3517] loss: 22.23, loss_depth: 1.10, loss_cls_dn: 0.09, loss_bbox_dn: 1.05, d0.loss_cls_dn: 0.08, d0.loss_bbox_dn: 1.03, d1.loss_cls_dn: 0.08, d1.loss_bbox_dn: 1.00, d2.loss_cls_dn: 0.08, d2.loss_bbox_dn: 1.01, d3.loss_cls_dn: 0.08, d3.loss_bbox_dn: 1.02, d4.loss_cls_dn: 0.08, d4.loss_bbox_dn: 1.03, loss_cls: 0.68, loss_bbox: 1.65, d0.loss_cls: 0.81, d0.loss_bbox: 1.90, d1.loss_cls: 0.71, d1.loss_bbox: 1.73, d2.loss_cls: 0.69, d2.loss_bbox: 1.68, d3.loss_cls: 0.68, d3.loss_bbox: 1.66, d4.loss_cls: 0.67, d4.loss_bbox: 1.65, loss: 22.23, eta: 6 days, 5:29:12, time: 7.85s, data: 78ms, mem: 31354M
[2026-01-18 18:52:31,584][INFO] - Epoch [1/20][2850/3517] loss: 22.25, loss_depth: 1.10, loss_cls_dn: 0.10, loss_bbox_dn: 1.05, d0.loss_cls_dn: 0.09, d0.loss_bbox_dn: 1.03, d1.loss_cls_dn: 0.08, d1.loss_bbox_dn: 1.00, d2.loss_cls_dn: 0.09, d2.loss_bbox_dn: 1.01, d3.loss_cls_dn: 0.09, d3.loss_bbox_dn: 1.02, d4.loss_cls_dn: 0.10, d4.loss_bbox_dn: 1.03, loss_cls: 0.66, loss_bbox: 1.64, d0.loss_cls: 0.82, d0.loss_bbox: 1.91, d1.loss_cls: 0.71, d1.loss_bbox: 1.73, d2.loss_cls: 0.68, d2.loss_bbox: 1.67, d3.loss_cls: 0.67, d3.loss_bbox: 1.65, d4.loss_cls: 0.67, d4.loss_bbox: 1.64, loss: 22.25, eta: 6 days, 5:20:42, time: 7.87s, data: 78ms, mem: 31354M
[2026-01-18 18:59:05,378][INFO] - Epoch [1/20][2900/3517] loss: 22.12, loss_depth: 1.08, loss_cls_dn: 0.08, loss_bbox_dn: 1.08, d0.loss_cls_dn: 0.08, d0.loss_bbox_dn: 1.04, d1.loss_cls_dn: 0.07, d1.loss_bbox_dn: 1.01, d2.loss_cls_dn: 0.07, d2.loss_bbox_dn: 1.02, d3.loss_cls_dn: 0.08, d3.loss_bbox_dn: 1.03, d4.loss_cls_dn: 0.08, d4.loss_bbox_dn: 1.05, loss_cls: 0.65, loss_bbox: 1.64, d0.loss_cls: 0.80, d0.loss_bbox: 1.89, d1.loss_cls: 0.70, d1.loss_bbox: 1.72, d2.loss_cls: 0.67, d2.loss_bbox: 1.67, d3.loss_cls: 0.66, d3.loss_bbox: 1.65, d4.loss_cls: 0.65, d4.loss_bbox: 1.64, loss: 22.12, eta: 6 days, 5:10:43, time: 7.79s, data: 73ms, mem: 31354M
[2026-01-18 19:05:41,009][INFO] - Epoch [1/20][2950/3517] loss: 21.90, loss_depth: 1.08, loss_cls_dn: 0.08, loss_bbox_dn: 1.06, d0.loss_cls_dn: 0.07, d0.loss_bbox_dn: 1.02, d1.loss_cls_dn: 0.07, d1.loss_bbox_dn: 0.99, d2.loss_cls_dn: 0.07, d2.loss_bbox_dn: 1.00, d3.loss_cls_dn: 0.08, d3.loss_bbox_dn: 1.01, d4.loss_cls_dn: 0.08, d4.loss_bbox_dn: 1.03, loss_cls: 0.67, loss_bbox: 1.61, d0.loss_cls: 0.80, d0.loss_bbox: 1.87, d1.loss_cls: 0.70, d1.loss_bbox: 1.70, d2.loss_cls: 0.68, d2.loss_bbox: 1.64, d3.loss_cls: 0.67, d3.loss_bbox: 1.62, d4.loss_cls: 0.67, d4.loss_bbox: 1.61, loss: 21.90, eta: 6 days, 5:03:57, time: 7.96s, data: 74ms, mem: 31354M
[2026-01-18 19:12:29,265][INFO] - Epoch [1/20][3000/3517] loss: 21.97, loss_depth: 1.09, loss_cls_dn: 0.08, loss_bbox_dn: 1.04, d0.loss_cls_dn: 0.07, d0.loss_bbox_dn: 1.01, d1.loss_cls_dn: 0.07, d1.loss_bbox_dn: 0.98, d2.loss_cls_dn: 0.07, d2.loss_bbox_dn: 0.99, d3.loss_cls_dn: 0.07, d3.loss_bbox_dn: 1.00, d4.loss_cls_dn: 0.08, d4.loss_bbox_dn: 1.02, loss_cls: 0.66, loss_bbox: 1.64, d0.loss_cls: 0.79, d0.loss_bbox: 1.92, d1.loss_cls: 0.70, d1.loss_bbox: 1.74, d2.loss_cls: 0.67, d2.loss_bbox: 1.68, d3.loss_cls: 0.66, d3.loss_bbox: 1.65, d4.loss_cls: 0.66, d4.loss_bbox: 1.64, loss: 21.97, eta: 6 days, 5:03:18, time: 8.28s, data: 73ms, mem: 31354M
[2026-01-18 19:19:07,532][INFO] - Epoch [1/20][3050/3517] loss: 22.21, loss_depth: 1.09, loss_cls_dn: 0.08, loss_bbox_dn: 1.09, d0.loss_cls_dn: 0.08, d0.loss_bbox_dn: 1.02, d1.loss_cls_dn: 0.07, d1.loss_bbox_dn: 1.00, d2.loss_cls_dn: 0.07, d2.loss_bbox_dn: 1.01, d3.loss_cls_dn: 0.08, d3.loss_bbox_dn: 1.03, d4.loss_cls_dn: 0.08, d4.loss_bbox_dn: 1.06, loss_cls: 0.69, loss_bbox: 1.63, d0.loss_cls: 0.81, d0.loss_bbox: 1.90, d1.loss_cls: 0.72, d1.loss_bbox: 1.73, d2.loss_cls: 0.70, d2.loss_bbox: 1.66, d3.loss_cls: 0.69, d3.loss_bbox: 1.63, d4.loss_cls: 0.68, d4.loss_bbox: 1.63, loss: 22.21, eta: 6 days, 4:56:54, time: 7.98s, data: 76ms, mem: 31354M
[2026-01-18 19:25:46,165][INFO] - Epoch [1/20][3100/3517] loss: 22.30, loss_depth: 1.10, loss_cls_dn: 0.09, loss_bbox_dn: 1.06, d0.loss_cls_dn: 0.08, d0.loss_bbox_dn: 1.02, d1.loss_cls_dn: 0.07, d1.loss_bbox_dn: 0.99, d2.loss_cls_dn: 0.08, d2.loss_bbox_dn: 1.00, d3.loss_cls_dn: 0.08, d3.loss_bbox_dn: 1.01, d4.loss_cls_dn: 0.08, d4.loss_bbox_dn: 1.04, loss_cls: 0.67, loss_bbox: 1.67, d0.loss_cls: 0.82, d0.loss_bbox: 1.91, d1.loss_cls: 0.72, d1.loss_bbox: 1.74, d2.loss_cls: 0.69, d2.loss_bbox: 1.69, d3.loss_cls: 0.68, d3.loss_bbox: 1.68, d4.loss_cls: 0.67, d4.loss_bbox: 1.67, loss: 22.30, eta: 6 days, 4:51:24, time: 8.03s, data: 74ms, mem: 31354M
[2026-01-18 19:32:23,657][INFO] - Epoch [1/20][3150/3517] loss: 21.89, loss_depth: 1.11, loss_cls_dn: 0.08, loss_bbox_dn: 1.04, d0.loss_cls_dn: 0.08, d0.loss_bbox_dn: 1.00, d1.loss_cls_dn: 0.07, d1.loss_bbox_dn: 0.97, d2.loss_cls_dn: 0.07, d2.loss_bbox_dn: 0.98, d3.loss_cls_dn: 0.08, d3.loss_bbox_dn: 0.99, d4.loss_cls_dn: 0.08, d4.loss_bbox_dn: 1.01, loss_cls: 0.66, loss_bbox: 1.63, d0.loss_cls: 0.82, d0.loss_bbox: 1.88, d1.loss_cls: 0.71, d1.loss_bbox: 1.71, d2.loss_cls: 0.69, d2.loss_bbox: 1.65, d3.loss_cls: 0.67, d3.loss_bbox: 1.63, d4.loss_cls: 0.66, d4.loss_bbox: 1.63, loss: 21.89, eta: 6 days, 4:44:12, time: 7.94s, data: 75ms, mem: 31354M
[2026-01-18 19:39:03,508][INFO] - Epoch [1/20][3200/3517] loss: 21.80, loss_depth: 1.09, loss_cls_dn: 0.07, loss_bbox_dn: 1.06, d0.loss_cls_dn: 0.07, d0.loss_bbox_dn: 1.00, d1.loss_cls_dn: 0.07, d1.loss_bbox_dn: 0.98, d2.loss_cls_dn: 0.07, d2.loss_bbox_dn: 0.99, d3.loss_cls_dn: 0.07, d3.loss_bbox_dn: 1.01, d4.loss_cls_dn: 0.07, d4.loss_bbox_dn: 1.03, loss_cls: 0.64, loss_bbox: 1.62, d0.loss_cls: 0.79, d0.loss_bbox: 1.90, d1.loss_cls: 0.69, d1.loss_bbox: 1.72, d2.loss_cls: 0.66, d2.loss_bbox: 1.66, d3.loss_cls: 0.65, d3.loss_bbox: 1.64, d4.loss_cls: 0.64, d4.loss_bbox: 1.63, loss: 21.80, eta: 6 days, 4:36:48, time: 7.93s, data: 75ms, mem: 31354M
[2026-01-18 19:45:40,735][INFO] - Epoch [1/20][3250/3517] loss: 22.25, loss_depth: 1.09, loss_cls_dn: 0.08, loss_bbox_dn: 1.05, d0.loss_cls_dn: 0.08, d0.loss_bbox_dn: 1.02, d1.loss_cls_dn: 0.07, d1.loss_bbox_dn: 0.99, d2.loss_cls_dn: 0.07, d2.loss_bbox_dn: 0.99, d3.loss_cls_dn: 0.08, d3.loss_bbox_dn: 1.01, d4.loss_cls_dn: 0.08, d4.loss_bbox_dn: 1.03, loss_cls: 0.67, loss_bbox: 1.68, d0.loss_cls: 0.80, d0.loss_bbox: 1.91, d1.loss_cls: 0.71, d1.loss_bbox: 1.76, d2.loss_cls: 0.68, d2.loss_bbox: 1.70, d3.loss_cls: 0.68, d3.loss_bbox: 1.68, d4.loss_cls: 0.67, d4.loss_bbox: 1.68, loss: 22.25, eta: 6 days, 4:31:53, time: 8.07s, data: 76ms, mem: 31354M
[2026-01-18 19:52:18,053][INFO] - Epoch [1/20][3300/3517] loss: 22.37, loss_depth: 1.09, loss_cls_dn: 0.08, loss_bbox_dn: 1.11, d0.loss_cls_dn: 0.08, d0.loss_bbox_dn: 1.02, d1.loss_cls_dn: 0.07, d1.loss_bbox_dn: 1.00, d2.loss_cls_dn: 0.07, d2.loss_bbox_dn: 1.02, d3.loss_cls_dn: 0.08, d3.loss_bbox_dn: 1.05, d4.loss_cls_dn: 0.08, d4.loss_bbox_dn: 1.08, loss_cls: 0.66, loss_bbox: 1.67, d0.loss_cls: 0.79, d0.loss_bbox: 1.92, d1.loss_cls: 0.70, d1.loss_bbox: 1.75, d2.loss_cls: 0.68, d2.loss_bbox: 1.70, d3.loss_cls: 0.66, d3.loss_bbox: 1.68, d4.loss_cls: 0.66, d4.loss_bbox: 1.67, loss: 22.37, eta: 6 days, 4:25:47, time: 8.00s, data: 74ms, mem: 31354M
[2026-01-18 19:58:57,772][INFO] - Epoch [1/20][3350/3517] loss: 22.07, loss_depth: 1.09, loss_cls_dn: 0.08, loss_bbox_dn: 1.07, d0.loss_cls_dn: 0.08, d0.loss_bbox_dn: 1.02, d1.loss_cls_dn: 0.07, d1.loss_bbox_dn: 0.99, d2.loss_cls_dn: 0.07, d2.loss_bbox_dn: 1.00, d3.loss_cls_dn: 0.08, d3.loss_bbox_dn: 1.02, d4.loss_cls_dn: 0.08, d4.loss_bbox_dn: 1.05, loss_cls: 0.67, loss_bbox: 1.63, d0.loss_cls: 0.81, d0.loss_bbox: 1.87, d1.loss_cls: 0.71, d1.loss_bbox: 1.71, d2.loss_cls: 0.68, d2.loss_bbox: 1.66, d3.loss_cls: 0.67, d3.loss_bbox: 1.64, d4.loss_cls: 0.67, d4.loss_bbox: 1.63, loss: 22.07, eta: 6 days, 4:19:57, time: 8.02s, data: 76ms, mem: 31354M
[2026-01-18 20:05:36,806][INFO] - Epoch [1/20][3400/3517] loss: 21.76, loss_depth: 1.08, loss_cls_dn: 0.08, loss_bbox_dn: 1.04, d0.loss_cls_dn: 0.08, d0.loss_bbox_dn: 1.01, d1.loss_cls_dn: 0.07, d1.loss_bbox_dn: 0.98, d2.loss_cls_dn: 0.08, d2.loss_bbox_dn: 0.98, d3.loss_cls_dn: 0.08, d3.loss_bbox_dn: 1.00, d4.loss_cls_dn: 0.08, d4.loss_bbox_dn: 1.02, loss_cls: 0.66, loss_bbox: 1.60, d0.loss_cls: 0.80, d0.loss_bbox: 1.86, d1.loss_cls: 0.70, d1.loss_bbox: 1.70, d2.loss_cls: 0.67, d2.loss_bbox: 1.64, d3.loss_cls: 0.66, d3.loss_bbox: 1.62, d4.loss_cls: 0.66, d4.loss_bbox: 1.61, loss: 21.76, eta: 6 days, 4:12:11, time: 7.90s, data: 74ms, mem: 31354M
[2026-01-18 20:12:16,955][INFO] - Epoch [1/20][3450/3517] loss: 21.83, loss_depth: 1.10, loss_cls_dn: 0.08, loss_bbox_dn: 1.04, d0.loss_cls_dn: 0.07, d0.loss_bbox_dn: 1.01, d1.loss_cls_dn: 0.07, d1.loss_bbox_dn: 0.98, d2.loss_cls_dn: 0.07, d2.loss_bbox_dn: 0.99, d3.loss_cls_dn: 0.08, d3.loss_bbox_dn: 1.00, d4.loss_cls_dn: 0.08, d4.loss_bbox_dn: 1.02, loss_cls: 0.65, loss_bbox: 1.60, d0.loss_cls: 0.80, d0.loss_bbox: 1.88, d1.loss_cls: 0.70, d1.loss_bbox: 1.71, d2.loss_cls: 0.67, d2.loss_bbox: 1.66, d3.loss_cls: 0.66, d3.loss_bbox: 1.62, d4.loss_cls: 0.65, d4.loss_bbox: 1.61, loss: 21.83, eta: 6 days, 4:05:24, time: 7.96s, data: 76ms, mem: 31354M
[2026-01-18 20:18:55,421][INFO] - Epoch [1/20][3500/3517] loss: 21.70, loss_depth: 1.09, loss_cls_dn: 0.09, loss_bbox_dn: 1.02, d0.loss_cls_dn: 0.08, d0.loss_bbox_dn: 1.00, d1.loss_cls_dn: 0.07, d1.loss_bbox_dn: 0.97, d2.loss_cls_dn: 0.07, d2.loss_bbox_dn: 0.97, d3.loss_cls_dn: 0.08, d3.loss_bbox_dn: 0.98, d4.loss_cls_dn: 0.08, d4.loss_bbox_dn: 1.00, loss_cls: 0.65, loss_bbox: 1.61, d0.loss_cls: 0.80, d0.loss_bbox: 1.86, d1.loss_cls: 0.71, d1.loss_bbox: 1.70, d2.loss_cls: 0.68, d2.loss_bbox: 1.64, d3.loss_cls: 0.66, d3.loss_bbox: 1.62, d4.loss_cls: 0.65, d4.loss_bbox: 1.62, loss: 21.70, eta: 6 days, 3:59:38, time: 8.02s, data: 75ms, mem: 31354M
[2026-01-18 20:21:15,148][INFO] - Saving checkpoint at 1 epochs
[2026-01-18 20:28:10,112][INFO] - Epoch [2/20][50/3517] loss: 21.55, loss_depth: 1.07, loss_cls_dn: 0.08, loss_bbox_dn: 1.03, d0.loss_cls_dn: 0.07, d0.loss_bbox_dn: 1.00, d1.loss_cls_dn: 0.07, d1.loss_bbox_dn: 0.97, d2.loss_cls_dn: 0.07, d2.loss_bbox_dn: 0.97, d3.loss_cls_dn: 0.07, d3.loss_bbox_dn: 0.99, d4.loss_cls_dn: 0.07, d4.loss_bbox_dn: 1.01, loss_cls: 0.63, loss_bbox: 1.60, d0.loss_cls: 0.80, d0.loss_bbox: 1.87, d1.loss_cls: 0.69, d1.loss_bbox: 1.69, d2.loss_cls: 0.66, d2.loss_bbox: 1.63, d3.loss_cls: 0.64, d3.loss_bbox: 1.61, d4.loss_cls: 0.64, d4.loss_bbox: 1.60, loss: 21.55, eta: 6 days, 3:08:42, time: 7.99s, data: 76ms, mem: 31354M
[2026-01-18 20:34:55,544][INFO] - Epoch [2/20][100/3517] loss: 21.50, loss_depth: 1.09, loss_cls_dn: 0.08, loss_bbox_dn: 1.03, d0.loss_cls_dn: 0.07, d0.loss_bbox_dn: 1.00, d1.loss_cls_dn: 0.06, d1.loss_bbox_dn: 0.96, d2.loss_cls_dn: 0.07, d2.loss_bbox_dn: 0.97, d3.loss_cls_dn: 0.07, d3.loss_bbox_dn: 0.99, d4.loss_cls_dn: 0.07, d4.loss_bbox_dn: 1.01, loss_cls: 0.64, loss_bbox: 1.58, d0.loss_cls: 0.79, d0.loss_bbox: 1.87, d1.loss_cls: 0.70, d1.loss_bbox: 1.68, d2.loss_cls: 0.67, d2.loss_bbox: 1.62, d3.loss_cls: 0.65, d3.loss_bbox: 1.60, d4.loss_cls: 0.65, d4.loss_bbox: 1.59, loss: 21.50, eta: 6 days, 3:03:46, time: 8.04s, data: 76ms, mem: 31354M
[2026-01-18 20:41:30,023][INFO] - Epoch [2/20][150/3517] loss: 21.54, loss_depth: 1.06, loss_cls_dn: 0.08, loss_bbox_dn: 1.06, d0.loss_cls_dn: 0.07, d0.loss_bbox_dn: 0.99, d1.loss_cls_dn: 0.07, d1.loss_bbox_dn: 0.96, d2.loss_cls_dn: 0.07, d2.loss_bbox_dn: 0.97, d3.loss_cls_dn: 0.07, d3.loss_bbox_dn: 1.00, d4.loss_cls_dn: 0.08, d4.loss_bbox_dn: 1.03, loss_cls: 0.66, loss_bbox: 1.56, d0.loss_cls: 0.81, d0.loss_bbox: 1.85, d1.loss_cls: 0.71, d1.loss_bbox: 1.67, d2.loss_cls: 0.68, d2.loss_bbox: 1.61, d3.loss_cls: 0.67, d3.loss_bbox: 1.58, d4.loss_cls: 0.66, d4.loss_bbox: 1.57, loss: 21.54, eta: 6 days, 2:57:16, time: 7.94s, data: 75ms, mem: 31354M
[2026-01-18 20:48:07,904][INFO] - Epoch [2/20][200/3517] loss: 21.33, loss_depth: 1.06, loss_cls_dn: 0.08, loss_bbox_dn: 1.04, d0.loss_cls_dn: 0.07, d0.loss_bbox_dn: 0.98, d1.loss_cls_dn: 0.07, d1.loss_bbox_dn: 0.95, d2.loss_cls_dn: 0.07, d2.loss_bbox_dn: 0.96, d3.loss_cls_dn: 0.07, d3.loss_bbox_dn: 0.98, d4.loss_cls_dn: 0.07, d4.loss_bbox_dn: 1.01, loss_cls: 0.64, loss_bbox: 1.56, d0.loss_cls: 0.81, d0.loss_bbox: 1.85, d1.loss_cls: 0.71, d1.loss_bbox: 1.67, d2.loss_cls: 0.67, d2.loss_bbox: 1.61, d3.loss_cls: 0.65, d3.loss_bbox: 1.58, d4.loss_cls: 0.64, d4.loss_bbox: 1.57, loss: 21.33, eta: 6 days, 2:50:32, time: 7.93s, data: 76ms, mem: 31354M
[2026-01-18 20:54:44,648][INFO] - Epoch [2/20][250/3517] loss: 21.32, loss_depth: 1.07, loss_cls_dn: 0.08, loss_bbox_dn: 1.02, d0.loss_cls_dn: 0.07, d0.loss_bbox_dn: 0.99, d1.loss_cls_dn: 0.07, d1.loss_bbox_dn: 0.95, d2.loss_cls_dn: 0.07, d2.loss_bbox_dn: 0.96, d3.loss_cls_dn: 0.07, d3.loss_bbox_dn: 0.97, d4.loss_cls_dn: 0.08, d4.loss_bbox_dn: 0.99, loss_cls: 0.65, loss_bbox: 1.56, d0.loss_cls: 0.81, d0.loss_bbox: 1.84, d1.loss_cls: 0.71, d1.loss_bbox: 1.66, d2.loss_cls: 0.68, d2.loss_bbox: 1.60, d3.loss_cls: 0.66, d3.loss_bbox: 1.57, d4.loss_cls: 0.65, d4.loss_bbox: 1.56, loss: 21.32, eta: 6 days, 2:44:05, time: 7.95s, data: 75ms, mem: 31354M
[2026-01-18 21:01:21,789][INFO] - Epoch [2/20][300/3517] loss: 21.06, loss_depth: 1.08, loss_cls_dn: 0.08, loss_bbox_dn: 0.98, d0.loss_cls_dn: 0.07, d0.loss_bbox_dn: 0.95, d1.loss_cls_dn: 0.06, d1.loss_bbox_dn: 0.92, d2.loss_cls_dn: 0.07, d2.loss_bbox_dn: 0.93, d3.loss_cls_dn: 0.07, d3.loss_bbox_dn: 0.94, d4.loss_cls_dn: 0.07, d4.loss_bbox_dn: 0.96, loss_cls: 0.65, loss_bbox: 1.55, d0.loss_cls: 0.79, d0.loss_bbox: 1.84, d1.loss_cls: 0.70, d1.loss_bbox: 1.66, d2.loss_cls: 0.67, d2.loss_bbox: 1.60, d3.loss_cls: 0.65, d3.loss_bbox: 1.57, d4.loss_cls: 0.65, d4.loss_bbox: 1.55, loss: 21.06, eta: 6 days, 2:38:53, time: 8.03s, data: 75ms, mem: 31354M
[2026-01-18 21:07:56,804][INFO] - Epoch [2/20][350/3517] loss: 21.29, loss_depth: 1.06, loss_cls_dn: 0.08, loss_bbox_dn: 1.00, d0.loss_cls_dn: 0.07, d0.loss_bbox_dn: 0.96, d1.loss_cls_dn: 0.07, d1.loss_bbox_dn: 0.93, d2.loss_cls_dn: 0.07, d2.loss_bbox_dn: 0.94, d3.loss_cls_dn: 0.07, d3.loss_bbox_dn: 0.96, d4.loss_cls_dn: 0.08, d4.loss_bbox_dn: 0.98, loss_cls: 0.66, loss_bbox: 1.55, d0.loss_cls: 0.81, d0.loss_bbox: 1.88, d1.loss_cls: 0.71, d1.loss_bbox: 1.68, d2.loss_cls: 0.68, d2.loss_bbox: 1.61, d3.loss_cls: 0.67, d3.loss_bbox: 1.57, d4.loss_cls: 0.66, d4.loss_bbox: 1.56, loss: 21.29, eta: 6 days, 2:31:10, time: 7.86s, data: 74ms, mem: 31354M
[2026-01-18 21:14:37,046][INFO] - Epoch [2/20][400/3517] loss: 21.24, loss_depth: 1.07, loss_cls_dn: 0.08, loss_bbox_dn: 1.01, d0.loss_cls_dn: 0.07, d0.loss_bbox_dn: 0.96, d1.loss_cls_dn: 0.06, d1.loss_bbox_dn: 0.93, d2.loss_cls_dn: 0.07, d2.loss_bbox_dn: 0.94, d3.loss_cls_dn: 0.07, d3.loss_bbox_dn: 0.96, d4.loss_cls_dn: 0.07, d4.loss_bbox_dn: 0.98, loss_cls: 0.67, loss_bbox: 1.55, d0.loss_cls: 0.80, d0.loss_bbox: 1.88, d1.loss_cls: 0.70, d1.loss_bbox: 1.68, d2.loss_cls: 0.68, d2.loss_bbox: 1.60, d3.loss_cls: 0.67, d3.loss_bbox: 1.57, d4.loss_cls: 0.66, d4.loss_bbox: 1.55, loss: 21.24, eta: 6 days, 2:26:36, time: 8.08s, data: 73ms, mem: 31354M
[2026-01-18 21:21:16,570][INFO] - Epoch [2/20][450/3517] loss: 20.72, loss_depth: 1.07, loss_cls_dn: 0.07, loss_bbox_dn: 0.97, d0.loss_cls_dn: 0.07, d0.loss_bbox_dn: 0.94, d1.loss_cls_dn: 0.06, d1.loss_bbox_dn: 0.91, d2.loss_cls_dn: 0.06, d2.loss_bbox_dn: 0.91, d3.loss_cls_dn: 0.07, d3.loss_bbox_dn: 0.93, d4.loss_cls_dn: 0.07, d4.loss_bbox_dn: 0.95, loss_cls: 0.64, loss_bbox: 1.49, d0.loss_cls: 0.80, d0.loss_bbox: 1.82, d1.loss_cls: 0.70, d1.loss_bbox: 1.62, d2.loss_cls: 0.67, d2.loss_bbox: 1.56, d3.loss_cls: 0.65, d3.loss_bbox: 1.53, d4.loss_cls: 0.64, d4.loss_bbox: 1.51, loss: 20.72, eta: 6 days, 2:19:51, time: 7.93s, data: 73ms, mem: 31354M
[2026-01-18 21:27:54,252][INFO] - Epoch [2/20][500/3517] loss: 20.86, loss_depth: 1.04, loss_cls_dn: 0.07, loss_bbox_dn: 0.99, d0.loss_cls_dn: 0.06, d0.loss_bbox_dn: 0.94, d1.loss_cls_dn: 0.06, d1.loss_bbox_dn: 0.91, d2.loss_cls_dn: 0.06, d2.loss_bbox_dn: 0.92, d3.loss_cls_dn: 0.06, d3.loss_bbox_dn: 0.94, d4.loss_cls_dn: 0.07, d4.loss_bbox_dn: 0.96, loss_cls: 0.64, loss_bbox: 1.53, d0.loss_cls: 0.79, d0.loss_bbox: 1.82, d1.loss_cls: 0.70, d1.loss_bbox: 1.64, d2.loss_cls: 0.67, d2.loss_bbox: 1.58, d3.loss_cls: 0.65, d3.loss_bbox: 1.55, d4.loss_cls: 0.65, d4.loss_bbox: 1.53, loss: 20.86, eta: 6 days, 2:13:16, time: 7.94s, data: 73ms, mem: 31354M
[2026-01-18 21:34:34,858][INFO] - Epoch [2/20][550/3517] loss: 21.10, loss_depth: 1.07, loss_cls_dn: 0.07, loss_bbox_dn: 1.04, d0.loss_cls_dn: 0.06, d0.loss_bbox_dn: 0.97, d1.loss_cls_dn: 0.06, d1.loss_bbox_dn: 0.93, d2.loss_cls_dn: 0.06, d2.loss_bbox_dn: 0.95, d3.loss_cls_dn: 0.06, d3.loss_bbox_dn: 0.97, d4.loss_cls_dn: 0.06, d4.loss_bbox_dn: 1.01, loss_cls: 0.64, loss_bbox: 1.53, d0.loss_cls: 0.81, d0.loss_bbox: 1.82, d1.loss_cls: 0.71, d1.loss_bbox: 1.64, d2.loss_cls: 0.68, d2.loss_bbox: 1.57, d3.loss_cls: 0.66, d3.loss_bbox: 1.55, d4.loss_cls: 0.64, d4.loss_bbox: 1.53, loss: 21.10, eta: 6 days, 2:07:23, time: 7.99s, data: 73ms, mem: 31354M
[2026-01-18 21:41:14,983][INFO] - Epoch [2/20][600/3517] loss: 20.93, loss_depth: 1.07, loss_cls_dn: 0.07, loss_bbox_dn: 0.99, d0.loss_cls_dn: 0.07, d0.loss_bbox_dn: 0.95, d1.loss_cls_dn: 0.06, d1.loss_bbox_dn: 0.91, d2.loss_cls_dn: 0.06, d2.loss_bbox_dn: 0.92, d3.loss_cls_dn: 0.06, d3.loss_bbox_dn: 0.94, d4.loss_cls_dn: 0.07, d4.loss_bbox_dn: 0.97, loss_cls: 0.64, loss_bbox: 1.50, d0.loss_cls: 0.79, d0.loss_bbox: 1.86, d1.loss_cls: 0.69, d1.loss_bbox: 1.66, d2.loss_cls: 0.66, d2.loss_bbox: 1.59, d3.loss_cls: 0.65, d3.loss_bbox: 1.55, d4.loss_cls: 0.65, d4.loss_bbox: 1.52, loss: 20.93, eta: 6 days, 2:01:58, time: 8.03s, data: 74ms, mem: 31354M
[2026-01-18 21:47:53,695][INFO] - Epoch [2/20][650/3517] loss: 20.95, loss_depth: 1.07, loss_cls_dn: 0.07, loss_bbox_dn: 0.97, d0.loss_cls_dn: 0.06, d0.loss_bbox_dn: 0.93, d1.loss_cls_dn: 0.06, d1.loss_bbox_dn: 0.90, d2.loss_cls_dn: 0.06, d2.loss_bbox_dn: 0.91, d3.loss_cls_dn: 0.06, d3.loss_bbox_dn: 0.92, d4.loss_cls_dn: 0.06, d4.loss_bbox_dn: 0.94, loss_cls: 0.66, loss_bbox: 1.53, d0.loss_cls: 0.81, d0.loss_bbox: 1.84, d1.loss_cls: 0.72, d1.loss_bbox: 1.66, d2.loss_cls: 0.69, d2.loss_bbox: 1.59, d3.loss_cls: 0.68, d3.loss_bbox: 1.55, d4.loss_cls: 0.67, d4.loss_bbox: 1.54, loss: 20.95, eta: 6 days, 1:55:30, time: 7.95s, data: 74ms, mem: 31354M
[2026-01-18 21:54:29,607][INFO] - Epoch [2/20][700/3517] loss: 21.22, loss_depth: 1.07, loss_cls_dn: 0.08, loss_bbox_dn: 1.00, d0.loss_cls_dn: 0.07, d0.loss_bbox_dn: 0.96, d1.loss_cls_dn: 0.07, d1.loss_bbox_dn: 0.93, d2.loss_cls_dn: 0.07, d2.loss_bbox_dn: 0.93, d3.loss_cls_dn: 0.07, d3.loss_bbox_dn: 0.95, d4.loss_cls_dn: 0.07, d4.loss_bbox_dn: 0.97, loss_cls: 0.67, loss_bbox: 1.51, d0.loss_cls: 0.83, d0.loss_bbox: 1.87, d1.loss_cls: 0.72, d1.loss_bbox: 1.68, d2.loss_cls: 0.70, d2.loss_bbox: 1.60, d3.loss_cls: 0.69, d3.loss_bbox: 1.55, d4.loss_cls: 0.68, d4.loss_bbox: 1.52, loss: 21.22, eta: 6 days, 1:50:19, time: 8.05s, data: 72ms, mem: 31354M
[2026-01-18 22:01:10,125][INFO] - Epoch [2/20][750/3517] loss: 21.28, loss_depth: 1.07, loss_cls_dn: 0.08, loss_bbox_dn: 1.01, d0.loss_cls_dn: 0.07, d0.loss_bbox_dn: 0.95, d1.loss_cls_dn: 0.07, d1.loss_bbox_dn: 0.92, d2.loss_cls_dn: 0.07, d2.loss_bbox_dn: 0.93, d3.loss_cls_dn: 0.07, d3.loss_bbox_dn: 0.95, d4.loss_cls_dn: 0.08, d4.loss_bbox_dn: 0.98, loss_cls: 0.67, loss_bbox: 1.52, d0.loss_cls: 0.81, d0.loss_bbox: 1.90, d1.loss_cls: 0.71, d1.loss_bbox: 1.69, d2.loss_cls: 0.69, d2.loss_bbox: 1.60, d3.loss_cls: 0.67, d3.loss_bbox: 1.57, d4.loss_cls: 0.67, d4.loss_bbox: 1.53, loss: 21.28, eta: 6 days, 1:43:24, time: 7.92s, data: 73ms, mem: 31354M
[2026-01-18 22:07:45,865][INFO] - Epoch [2/20][800/3517] loss: 20.87, loss_depth: 1.06, loss_cls_dn: 0.08, loss_bbox_dn: 0.97, d0.loss_cls_dn: 0.07, d0.loss_bbox_dn: 0.94, d1.loss_cls_dn: 0.07, d1.loss_bbox_dn: 0.90, d2.loss_cls_dn: 0.07, d2.loss_bbox_dn: 0.90, d3.loss_cls_dn: 0.07, d3.loss_bbox_dn: 0.92, d4.loss_cls_dn: 0.08, d4.loss_bbox_dn: 0.94, loss_cls: 0.66, loss_bbox: 1.48, d0.loss_cls: 0.82, d0.loss_bbox: 1.86, d1.loss_cls: 0.72, d1.loss_bbox: 1.65, d2.loss_cls: 0.69, d2.loss_bbox: 1.56, d3.loss_cls: 0.68, d3.loss_bbox: 1.52, d4.loss_cls: 0.67, d4.loss_bbox: 1.49, loss: 20.87, eta: 6 days, 1:37:02, time: 7.96s, data: 71ms, mem: 31354M
[2026-01-18 22:14:22,254][INFO] - Epoch [2/20][850/3517] loss: 20.60, loss_depth: 1.08, loss_cls_dn: 0.07, loss_bbox_dn: 0.97, d0.loss_cls_dn: 0.07, d0.loss_bbox_dn: 0.94, d1.loss_cls_dn: 0.06, d1.loss_bbox_dn: 0.90, d2.loss_cls_dn: 0.06, d2.loss_bbox_dn: 0.91, d3.loss_cls_dn: 0.06, d3.loss_bbox_dn: 0.92, d4.loss_cls_dn: 0.07, d4.loss_bbox_dn: 0.94, loss_cls: 0.65, loss_bbox: 1.43, d0.loss_cls: 0.80, d0.loss_bbox: 1.83, d1.loss_cls: 0.71, d1.loss_bbox: 1.63, d2.loss_cls: 0.68, d2.loss_bbox: 1.53, d3.loss_cls: 0.67, d3.loss_bbox: 1.49, d4.loss_cls: 0.66, d4.loss_bbox: 1.45, loss: 20.60, eta: 6 days, 1:32:10, time: 8.08s, data: 71ms, mem: 31354M
[2026-01-18 22:20:58,338][INFO] - Epoch [2/20][900/3517] loss: 20.87, loss_depth: 1.06, loss_cls_dn: 0.07, loss_bbox_dn: 0.99, d0.loss_cls_dn: 0.06, d0.loss_bbox_dn: 0.94, d1.loss_cls_dn: 0.06, d1.loss_bbox_dn: 0.90, d2.loss_cls_dn: 0.06, d2.loss_bbox_dn: 0.91, d3.loss_cls_dn: 0.06, d3.loss_bbox_dn: 0.93, d4.loss_cls_dn: 0.07, d4.loss_bbox_dn: 0.96, loss_cls: 0.65, loss_bbox: 1.49, d0.loss_cls: 0.80, d0.loss_bbox: 1.86, d1.loss_cls: 0.71, d1.loss_bbox: 1.66, d2.loss_cls: 0.68, d2.loss_bbox: 1.58, d3.loss_cls: 0.66, d3.loss_bbox: 1.54, d4.loss_cls: 0.65, d4.loss_bbox: 1.51, loss: 20.87, eta: 6 days, 1:25:37, time: 7.95s, data: 71ms, mem: 31354M
[2026-01-18 22:27:28,251][INFO] - Epoch [2/20][950/3517] loss: 21.05, loss_depth: 1.07, loss_cls_dn: 0.07, loss_bbox_dn: 1.00, d0.loss_cls_dn: 0.07, d0.loss_bbox_dn: 0.96, d1.loss_cls_dn: 0.06, d1.loss_bbox_dn: 0.92, d2.loss_cls_dn: 0.07, d2.loss_bbox_dn: 0.93, d3.loss_cls_dn: 0.07, d3.loss_bbox_dn: 0.95, d4.loss_cls_dn: 0.07, d4.loss_bbox_dn: 0.97, loss_cls: 0.68, loss_bbox: 1.48, d0.loss_cls: 0.81, d0.loss_bbox: 1.86, d1.loss_cls: 0.73, d1.loss_bbox: 1.65, d2.loss_cls: 0.70, d2.loss_bbox: 1.56, d3.loss_cls: 0.69, d3.loss_bbox: 1.51, d4.loss_cls: 0.68, d4.loss_bbox: 1.49, loss: 21.05, eta: 6 days, 1:17:14, time: 7.80s, data: 71ms, mem: 31354M
[2026-01-18 22:34:06,556][INFO] - Epoch [2/20][1000/3517] loss: 20.51, loss_depth: 1.06, loss_cls_dn: 0.07, loss_bbox_dn: 0.95, d0.loss_cls_dn: 0.06, d0.loss_bbox_dn: 0.92, d1.loss_cls_dn: 0.06, d1.loss_bbox_dn: 0.89, d2.loss_cls_dn: 0.06, d2.loss_bbox_dn: 0.89, d3.loss_cls_dn: 0.06, d3.loss_bbox_dn: 0.91, d4.loss_cls_dn: 0.07, d4.loss_bbox_dn: 0.93, loss_cls: 0.65, loss_bbox: 1.45, d0.loss_cls: 0.80, d0.loss_bbox: 1.84, d1.loss_cls: 0.70, d1.loss_bbox: 1.62, d2.loss_cls: 0.67, d2.loss_bbox: 1.54, d3.loss_cls: 0.66, d3.loss_bbox: 1.49, d4.loss_cls: 0.66, d4.loss_bbox: 1.47, loss: 20.51, eta: 6 days, 1:10:41, time: 7.95s, data: 72ms, mem: 31354M
[2026-01-18 22:40:46,422][INFO] - Epoch [2/20][1050/3517] loss: 20.94, loss_depth: 1.05, loss_cls_dn: 0.07, loss_bbox_dn: 1.00, d0.loss_cls_dn: 0.07, d0.loss_bbox_dn: 0.95, d1.loss_cls_dn: 0.06, d1.loss_bbox_dn: 0.92, d2.loss_cls_dn: 0.06, d2.loss_bbox_dn: 0.93, d3.loss_cls_dn: 0.07, d3.loss_bbox_dn: 0.95, d4.loss_cls_dn: 0.07, d4.loss_bbox_dn: 0.97, loss_cls: 0.66, loss_bbox: 1.48, d0.loss_cls: 0.81, d0.loss_bbox: 1.87, d1.loss_cls: 0.71, d1.loss_bbox: 1.65, d2.loss_cls: 0.68, d2.loss_bbox: 1.56, d3.loss_cls: 0.67, d3.loss_bbox: 1.52, d4.loss_cls: 0.66, d4.loss_bbox: 1.50, loss: 20.94, eta: 6 days, 1:05:11, time: 8.03s, data: 73ms, mem: 31354M
[2026-01-18 22:47:27,965][INFO] - Epoch [2/20][1100/3517] loss: 20.47, loss_depth: 1.05, loss_cls_dn: 0.07, loss_bbox_dn: 0.98, d0.loss_cls_dn: 0.06, d0.loss_bbox_dn: 0.93, d1.loss_cls_dn: 0.06, d1.loss_bbox_dn: 0.90, d2.loss_cls_dn: 0.06, d2.loss_bbox_dn: 0.91, d3.loss_cls_dn: 0.06, d3.loss_bbox_dn: 0.93, d4.loss_cls_dn: 0.07, d4.loss_bbox_dn: 0.95, loss_cls: 0.64, loss_bbox: 1.43, d0.loss_cls: 0.81, d0.loss_bbox: 1.81, d1.loss_cls: 0.72, d1.loss_bbox: 1.61, d2.loss_cls: 0.68, d2.loss_bbox: 1.53, d3.loss_cls: 0.66, d3.loss_bbox: 1.48, d4.loss_cls: 0.65, d4.loss_bbox: 1.45, loss: 20.47, eta: 6 days, 1:00:00, time: 8.06s, data: 74ms, mem: 31354M
[2026-01-18 22:54:07,206][INFO] - Epoch [2/20][1150/3517] loss: 20.57, loss_depth: 1.05, loss_cls_dn: 0.07, loss_bbox_dn: 0.99, d0.loss_cls_dn: 0.06, d0.loss_bbox_dn: 0.92, d1.loss_cls_dn: 0.06, d1.loss_bbox_dn: 0.89, d2.loss_cls_dn: 0.06, d2.loss_bbox_dn: 0.90, d3.loss_cls_dn: 0.06, d3.loss_bbox_dn: 0.93, d4.loss_cls_dn: 0.07, d4.loss_bbox_dn: 0.96, loss_cls: 0.64, loss_bbox: 1.45, d0.loss_cls: 0.79, d0.loss_bbox: 1.83, d1.loss_cls: 0.70, d1.loss_bbox: 1.64, d2.loss_cls: 0.66, d2.loss_bbox: 1.56, d3.loss_cls: 0.65, d3.loss_bbox: 1.51, d4.loss_cls: 0.64, d4.loss_bbox: 1.48, loss: 20.57, eta: 6 days, 0:54:46, time: 8.06s, data: 77ms, mem: 31354M
[2026-01-18 23:00:48,267][INFO] - Epoch [2/20][1200/3517] loss: 20.87, loss_depth: 1.07, loss_cls_dn: 0.07, loss_bbox_dn: 0.98, d0.loss_cls_dn: 0.06, d0.loss_bbox_dn: 0.96, d1.loss_cls_dn: 0.06, d1.loss_bbox_dn: 0.92, d2.loss_cls_dn: 0.06, d2.loss_bbox_dn: 0.92, d3.loss_cls_dn: 0.06, d3.loss_bbox_dn: 0.93, d4.loss_cls_dn: 0.06, d4.loss_bbox_dn: 0.95, loss_cls: 0.63, loss_bbox: 1.50, d0.loss_cls: 0.79, d0.loss_bbox: 1.87, d1.loss_cls: 0.70, d1.loss_bbox: 1.66, d2.loss_cls: 0.67, d2.loss_bbox: 1.59, d3.loss_cls: 0.65, d3.loss_bbox: 1.55, d4.loss_cls: 0.64, d4.loss_bbox: 1.52, loss: 20.87, eta: 6 days, 0:49:08, time: 8.03s, data: 79ms, mem: 31354M
[2026-01-18 23:07:28,997][INFO] - Epoch [2/20][1250/3517] loss: 20.52, loss_depth: 1.07, loss_cls_dn: 0.08, loss_bbox_dn: 0.95, d0.loss_cls_dn: 0.07, d0.loss_bbox_dn: 0.91, d1.loss_cls_dn: 0.06, d1.loss_bbox_dn: 0.87, d2.loss_cls_dn: 0.07, d2.loss_bbox_dn: 0.88, d3.loss_cls_dn: 0.07, d3.loss_bbox_dn: 0.90, d4.loss_cls_dn: 0.07, d4.loss_bbox_dn: 0.92, loss_cls: 0.65, loss_bbox: 1.45, d0.loss_cls: 0.79, d0.loss_bbox: 1.84, d1.loss_cls: 0.70, d1.loss_bbox: 1.63, d2.loss_cls: 0.67, d2.loss_bbox: 1.56, d3.loss_cls: 0.66, d3.loss_bbox: 1.51, d4.loss_cls: 0.65, d4.loss_bbox: 1.48, loss: 20.52, eta: 6 days, 0:43:22, time: 8.02s, data: 79ms, mem: 31354M
[2026-01-18 23:14:09,666][INFO] - Epoch [2/20][1300/3517] loss: 20.48, loss_depth: 1.07, loss_cls_dn: 0.06, loss_bbox_dn: 0.96, d0.loss_cls_dn: 0.06, d0.loss_bbox_dn: 0.92, d1.loss_cls_dn: 0.06, d1.loss_bbox_dn: 0.89, d2.loss_cls_dn: 0.06, d2.loss_bbox_dn: 0.89, d3.loss_cls_dn: 0.06, d3.loss_bbox_dn: 0.91, d4.loss_cls_dn: 0.06, d4.loss_bbox_dn: 0.93, loss_cls: 0.63, loss_bbox: 1.45, d0.loss_cls: 0.79, d0.loss_bbox: 1.84, d1.loss_cls: 0.70, d1.loss_bbox: 1.64, d2.loss_cls: 0.67, d2.loss_bbox: 1.56, d3.loss_cls: 0.65, d3.loss_bbox: 1.51, d4.loss_cls: 0.64, d4.loss_bbox: 1.47, loss: 20.48, eta: 6 days, 0:38:04, time: 8.06s, data: 79ms, mem: 31354M
[2026-01-18 23:20:48,151][INFO] - Epoch [2/20][1350/3517] loss: 20.29, loss_depth: 1.08, loss_cls_dn: 0.06, loss_bbox_dn: 0.95, d0.loss_cls_dn: 0.06, d0.loss_bbox_dn: 0.92, d1.loss_cls_dn: 0.06, d1.loss_bbox_dn: 0.88, d2.loss_cls_dn: 0.06, d2.loss_bbox_dn: 0.89, d3.loss_cls_dn: 0.06, d3.loss_bbox_dn: 0.90, d4.loss_cls_dn: 0.06, d4.loss_bbox_dn: 0.93, loss_cls: 0.63, loss_bbox: 1.43, d0.loss_cls: 0.79, d0.loss_bbox: 1.82, d1.loss_cls: 0.71, d1.loss_bbox: 1.61, d2.loss_cls: 0.68, d2.loss_bbox: 1.51, d3.loss_cls: 0.66, d3.loss_bbox: 1.46, d4.loss_cls: 0.64, d4.loss_bbox: 1.44, loss: 20.29, eta: 6 days, 0:31:07, time: 7.92s, data: 77ms, mem: 31354M
[2026-01-18 23:27:31,322][INFO] - Epoch [2/20][1400/3517] loss: 20.55, loss_depth: 1.05, loss_cls_dn: 0.07, loss_bbox_dn: 0.98, d0.loss_cls_dn: 0.07, d0.loss_bbox_dn: 0.92, d1.loss_cls_dn: 0.06, d1.loss_bbox_dn: 0.88, d2.loss_cls_dn: 0.06, d2.loss_bbox_dn: 0.89, d3.loss_cls_dn: 0.06, d3.loss_bbox_dn: 0.92, d4.loss_cls_dn: 0.07, d4.loss_bbox_dn: 0.95, loss_cls: 0.66, loss_bbox: 1.42, d0.loss_cls: 0.80, d0.loss_bbox: 1.85, d1.loss_cls: 0.71, d1.loss_bbox: 1.64, d2.loss_cls: 0.69, d2.loss_bbox: 1.54, d3.loss_cls: 0.67, d3.loss_bbox: 1.49, d4.loss_cls: 0.67, d4.loss_bbox: 1.44, loss: 20.55, eta: 6 days, 0:25:23, time: 8.03s, data: 78ms, mem: 31354M
[2026-01-18 23:34:16,399][INFO] - Epoch [2/20][1450/3517] loss: 20.13, loss_depth: 1.05, loss_cls_dn: 0.06, loss_bbox_dn: 0.92, d0.loss_cls_dn: 0.06, d0.loss_bbox_dn: 0.89, d1.loss_cls_dn: 0.06, d1.loss_bbox_dn: 0.85, d2.loss_cls_dn: 0.06, d2.loss_bbox_dn: 0.86, d3.loss_cls_dn: 0.06, d3.loss_bbox_dn: 0.87, d4.loss_cls_dn: 0.06, d4.loss_bbox_dn: 0.89, loss_cls: 0.66, loss_bbox: 1.41, d0.loss_cls: 0.78, d0.loss_bbox: 1.81, d1.loss_cls: 0.70, d1.loss_bbox: 1.62, d2.loss_cls: 0.68, d2.loss_bbox: 1.52, d3.loss_cls: 0.67, d3.loss_bbox: 1.47, d4.loss_cls: 0.66, d4.loss_bbox: 1.44, loss: 20.13, eta: 6 days, 0:20:43, time: 8.13s, data: 78ms, mem: 31354M
[2026-01-18 23:40:55,307][INFO] - Epoch [2/20][1500/3517] loss: 21.22, loss_depth: 1.05, loss_cls_dn: 0.08, loss_bbox_dn: 1.02, d0.loss_cls_dn: 0.07, d0.loss_bbox_dn: 0.97, d1.loss_cls_dn: 0.07, d1.loss_bbox_dn: 0.93, d2.loss_cls_dn: 0.07, d2.loss_bbox_dn: 0.94, d3.loss_cls_dn: 0.07, d3.loss_bbox_dn: 0.96, d4.loss_cls_dn: 0.07, d4.loss_bbox_dn: 0.99, loss_cls: 0.66, loss_bbox: 1.50, d0.loss_cls: 0.80, d0.loss_bbox: 1.88, d1.loss_cls: 0.72, d1.loss_bbox: 1.68, d2.loss_cls: 0.69, d2.loss_bbox: 1.59, d3.loss_cls: 0.67, d3.loss_bbox: 1.55, d4.loss_cls: 0.66, d4.loss_bbox: 1.52, loss: 21.22, eta: 6 days, 0:13:31, time: 7.90s, data: 77ms, mem: 31354M
[2026-01-18 23:47:34,392][INFO] - Epoch [2/20][1550/3517] loss: 20.24, loss_depth: 1.05, loss_cls_dn: 0.07, loss_bbox_dn: 0.92, d0.loss_cls_dn: 0.06, d0.loss_bbox_dn: 0.91, d1.loss_cls_dn: 0.06, d1.loss_bbox_dn: 0.87, d2.loss_cls_dn: 0.06, d2.loss_bbox_dn: 0.87, d3.loss_cls_dn: 0.06, d3.loss_bbox_dn: 0.88, d4.loss_cls_dn: 0.06, d4.loss_bbox_dn: 0.90, loss_cls: 0.64, loss_bbox: 1.44, d0.loss_cls: 0.80, d0.loss_bbox: 1.82, d1.loss_cls: 0.70, d1.loss_bbox: 1.61, d2.loss_cls: 0.67, d2.loss_bbox: 1.53, d3.loss_cls: 0.65, d3.loss_bbox: 1.49, d4.loss_cls: 0.64, d4.loss_bbox: 1.46, loss: 20.24, eta: 6 days, 0:06:23, time: 7.90s, data: 77ms, mem: 31354M
[2026-01-18 23:54:13,538][INFO] - Epoch [2/20][1600/3517] loss: 20.43, loss_depth: 1.04, loss_cls_dn: 0.07, loss_bbox_dn: 0.97, d0.loss_cls_dn: 0.07, d0.loss_bbox_dn: 0.92, d1.loss_cls_dn: 0.06, d1.loss_bbox_dn: 0.89, d2.loss_cls_dn: 0.06, d2.loss_bbox_dn: 0.90, d3.loss_cls_dn: 0.06, d3.loss_bbox_dn: 0.92, d4.loss_cls_dn: 0.07, d4.loss_bbox_dn: 0.94, loss_cls: 0.65, loss_bbox: 1.41, d0.loss_cls: 0.80, d0.loss_bbox: 1.83, d1.loss_cls: 0.71, d1.loss_bbox: 1.63, d2.loss_cls: 0.68, d2.loss_bbox: 1.53, d3.loss_cls: 0.66, d3.loss_bbox: 1.47, d4.loss_cls: 0.65, d4.loss_bbox: 1.44, loss: 20.43, eta: 6 days, 0:00:14, time: 7.99s, data: 79ms, mem: 31354M
[2026-01-19 00:00:55,770][INFO] - Epoch [2/20][1650/3517] loss: 20.11, loss_depth: 1.05, loss_cls_dn: 0.07, loss_bbox_dn: 0.93, d0.loss_cls_dn: 0.06, d0.loss_bbox_dn: 0.90, d1.loss_cls_dn: 0.06, d1.loss_bbox_dn: 0.87, d2.loss_cls_dn: 0.06, d2.loss_bbox_dn: 0.87, d3.loss_cls_dn: 0.06, d3.loss_bbox_dn: 0.89, d4.loss_cls_dn: 0.06, d4.loss_bbox_dn: 0.90, loss_cls: 0.64, loss_bbox: 1.40, d0.loss_cls: 0.79, d0.loss_bbox: 1.84, d1.loss_cls: 0.69, d1.loss_bbox: 1.61, d2.loss_cls: 0.67, d2.loss_bbox: 1.52, d3.loss_cls: 0.66, d3.loss_bbox: 1.46, d4.loss_cls: 0.65, d4.loss_bbox: 1.42, loss: 20.11, eta: 5 days, 23:55:33, time: 8.13s, data: 77ms, mem: 31354M
[2026-01-19 00:07:35,373][INFO] - Epoch [2/20][1700/3517] loss: 20.05, loss_depth: 1.04, loss_cls_dn: 0.06, loss_bbox_dn: 0.95, d0.loss_cls_dn: 0.06, d0.loss_bbox_dn: 0.91, d1.loss_cls_dn: 0.06, d1.loss_bbox_dn: 0.87, d2.loss_cls_dn: 0.06, d2.loss_bbox_dn: 0.88, d3.loss_cls_dn: 0.06, d3.loss_bbox_dn: 0.90, d4.loss_cls_dn: 0.06, d4.loss_bbox_dn: 0.92, loss_cls: 0.64, loss_bbox: 1.39, d0.loss_cls: 0.79, d0.loss_bbox: 1.79, d1.loss_cls: 0.70, d1.loss_bbox: 1.59, d2.loss_cls: 0.67, d2.loss_bbox: 1.51, d3.loss_cls: 0.65, d3.loss_bbox: 1.45, d4.loss_cls: 0.64, d4.loss_bbox: 1.41, loss: 20.05, eta: 5 days, 23:49:07, time: 7.97s, data: 80ms, mem: 31354M
[2026-01-19 00:14:18,174][INFO] - Epoch [2/20][1750/3517] loss: 20.15, loss_depth: 1.04, loss_cls_dn: 0.07, loss_bbox_dn: 0.93, d0.loss_cls_dn: 0.07, d0.loss_bbox_dn: 0.90, d1.loss_cls_dn: 0.06, d1.loss_bbox_dn: 0.87, d2.loss_cls_dn: 0.06, d2.loss_bbox_dn: 0.87, d3.loss_cls_dn: 0.06, d3.loss_bbox_dn: 0.89, d4.loss_cls_dn: 0.06, d4.loss_bbox_dn: 0.91, loss_cls: 0.64, loss_bbox: 1.40, d0.loss_cls: 0.79, d0.loss_bbox: 1.82, d1.loss_cls: 0.70, d1.loss_bbox: 1.62, d2.loss_cls: 0.67, d2.loss_bbox: 1.53, d3.loss_cls: 0.65, d3.loss_bbox: 1.47, d4.loss_cls: 0.65, d4.loss_bbox: 1.43, loss: 20.15, eta: 5 days, 23:44:09, time: 8.11s, data: 80ms, mem: 31354M
[2026-01-19 00:20:59,789][INFO] - Epoch [2/20][1800/3517] loss: 19.43, loss_depth: 1.05, loss_cls_dn: 0.06, loss_bbox_dn: 0.90, d0.loss_cls_dn: 0.06, d0.loss_bbox_dn: 0.89, d1.loss_cls_dn: 0.05, d1.loss_bbox_dn: 0.85, d2.loss_cls_dn: 0.05, d2.loss_bbox_dn: 0.85, d3.loss_cls_dn: 0.06, d3.loss_bbox_dn: 0.86, d4.loss_cls_dn: 0.06, d4.loss_bbox_dn: 0.88, loss_cls: 0.62, loss_bbox: 1.33, d0.loss_cls: 0.78, d0.loss_bbox: 1.74, d1.loss_cls: 0.69, d1.loss_bbox: 1.53, d2.loss_cls: 0.66, d2.loss_bbox: 1.44, d3.loss_cls: 0.64, d3.loss_bbox: 1.39, d4.loss_cls: 0.63, d4.loss_bbox: 1.35, loss: 19.43, eta: 5 days, 23:38:58, time: 8.09s, data: 79ms, mem: 31355M
[2026-01-19 00:27:36,956][INFO] - Epoch [2/20][1850/3517] loss: 20.04, loss_depth: 1.03, loss_cls_dn: 0.06, loss_bbox_dn: 0.97, d0.loss_cls_dn: 0.06, d0.loss_bbox_dn: 0.93, d1.loss_cls_dn: 0.05, d1.loss_bbox_dn: 0.89, d2.loss_cls_dn: 0.05, d2.loss_bbox_dn: 0.90, d3.loss_cls_dn: 0.05, d3.loss_bbox_dn: 0.91, d4.loss_cls_dn: 0.06, d4.loss_bbox_dn: 0.94, loss_cls: 0.65, loss_bbox: 1.35, d0.loss_cls: 0.80, d0.loss_bbox: 1.80, d1.loss_cls: 0.70, d1.loss_bbox: 1.57, d2.loss_cls: 0.68, d2.loss_bbox: 1.48, d3.loss_cls: 0.66, d3.loss_bbox: 1.42, d4.loss_cls: 0.65, d4.loss_bbox: 1.38, loss: 20.04, eta: 5 days, 23:31:47, time: 7.90s, data: 77ms, mem: 31355M
[2026-01-19 00:34:14,814][INFO] - Epoch [2/20][1900/3517] loss: 19.97, loss_depth: 1.04, loss_cls_dn: 0.06, loss_bbox_dn: 0.93, d0.loss_cls_dn: 0.06, d0.loss_bbox_dn: 0.90, d1.loss_cls_dn: 0.05, d1.loss_bbox_dn: 0.86, d2.loss_cls_dn: 0.05, d2.loss_bbox_dn: 0.87, d3.loss_cls_dn: 0.05, d3.loss_bbox_dn: 0.88, d4.loss_cls_dn: 0.06, d4.loss_bbox_dn: 0.91, loss_cls: 0.62, loss_bbox: 1.39, d0.loss_cls: 0.78, d0.loss_bbox: 1.86, d1.loss_cls: 0.69, d1.loss_bbox: 1.61, d2.loss_cls: 0.66, d2.loss_bbox: 1.51, d3.loss_cls: 0.64, d3.loss_bbox: 1.45, d4.loss_cls: 0.63, d4.loss_bbox: 1.42, loss: 19.97, eta: 5 days, 23:24:57, time: 7.93s, data: 74ms, mem: 31355M
[2026-01-19 00:40:58,682][INFO] - Epoch [2/20][1950/3517] loss: 19.79, loss_depth: 1.04, loss_cls_dn: 0.07, loss_bbox_dn: 0.91, d0.loss_cls_dn: 0.06, d0.loss_bbox_dn: 0.90, d1.loss_cls_dn: 0.06, d1.loss_bbox_dn: 0.86, d2.loss_cls_dn: 0.06, d2.loss_bbox_dn: 0.86, d3.loss_cls_dn: 0.06, d3.loss_bbox_dn: 0.87, d4.loss_cls_dn: 0.06, d4.loss_bbox_dn: 0.89, loss_cls: 0.62, loss_bbox: 1.39, d0.loss_cls: 0.76, d0.loss_bbox: 1.80, d1.loss_cls: 0.68, d1.loss_bbox: 1.60, d2.loss_cls: 0.65, d2.loss_bbox: 1.51, d3.loss_cls: 0.63, d3.loss_bbox: 1.45, d4.loss_cls: 0.62, d4.loss_bbox: 1.41, loss: 19.79, eta: 5 days, 23:19:13, time: 8.04s, data: 71ms, mem: 31355M
[2026-01-19 00:47:36,493][INFO] - Epoch [2/20][2000/3517] loss: 19.89, loss_depth: 1.03, loss_cls_dn: 0.06, loss_bbox_dn: 0.93, d0.loss_cls_dn: 0.06, d0.loss_bbox_dn: 0.90, d1.loss_cls_dn: 0.05, d1.loss_bbox_dn: 0.86, d2.loss_cls_dn: 0.06, d2.loss_bbox_dn: 0.87, d3.loss_cls_dn: 0.06, d3.loss_bbox_dn: 0.88, d4.loss_cls_dn: 0.06, d4.loss_bbox_dn: 0.91, loss_cls: 0.61, loss_bbox: 1.41, d0.loss_cls: 0.77, d0.loss_bbox: 1.79, d1.loss_cls: 0.68, d1.loss_bbox: 1.59, d2.loss_cls: 0.66, d2.loss_bbox: 1.51, d3.loss_cls: 0.63, d3.loss_bbox: 1.46, d4.loss_cls: 0.62, d4.loss_bbox: 1.43, loss: 19.89, eta: 5 days, 23:11:41, time: 7.86s, data: 72ms, mem: 31355M
[2026-01-19 00:54:16,279][INFO] - Epoch [2/20][2050/3517] loss: 20.13, loss_depth: 1.04, loss_cls_dn: 0.06, loss_bbox_dn: 0.92, d0.loss_cls_dn: 0.06, d0.loss_bbox_dn: 0.90, d1.loss_cls_dn: 0.05, d1.loss_bbox_dn: 0.86, d2.loss_cls_dn: 0.05, d2.loss_bbox_dn: 0.87, d3.loss_cls_dn: 0.06, d3.loss_bbox_dn: 0.88, d4.loss_cls_dn: 0.06, d4.loss_bbox_dn: 0.90, loss_cls: 0.64, loss_bbox: 1.42, d0.loss_cls: 0.80, d0.loss_bbox: 1.83, d1.loss_cls: 0.71, d1.loss_bbox: 1.61, d2.loss_cls: 0.67, d2.loss_bbox: 1.52, d3.loss_cls: 0.65, d3.loss_bbox: 1.47, d4.loss_cls: 0.64, d4.loss_bbox: 1.44, loss: 20.13, eta: 5 days, 23:05:38, time: 8.01s, data: 70ms, mem: 31355M
[2026-01-19 01:00:52,480][INFO] - Epoch [2/20][2100/3517] loss: 19.74, loss_depth: 1.02, loss_cls_dn: 0.07, loss_bbox_dn: 0.91, d0.loss_cls_dn: 0.06, d0.loss_bbox_dn: 0.89, d1.loss_cls_dn: 0.06, d1.loss_bbox_dn: 0.85, d2.loss_cls_dn: 0.06, d2.loss_bbox_dn: 0.85, d3.loss_cls_dn: 0.06, d3.loss_bbox_dn: 0.87, d4.loss_cls_dn: 0.07, d4.loss_bbox_dn: 0.89, loss_cls: 0.64, loss_bbox: 1.37, d0.loss_cls: 0.80, d0.loss_bbox: 1.76, d1.loss_cls: 0.71, d1.loss_bbox: 1.56, d2.loss_cls: 0.68, d2.loss_bbox: 1.47, d3.loss_cls: 0.66, d3.loss_bbox: 1.42, d4.loss_cls: 0.64, d4.loss_bbox: 1.39, loss: 19.74, eta: 5 days, 22:58:19, time: 7.88s, data: 76ms, mem: 31355M
[2026-01-19 01:07:29,908][INFO] - Epoch [2/20][2150/3517] loss: 19.82, loss_depth: 1.05, loss_cls_dn: 0.06, loss_bbox_dn: 0.94, d0.loss_cls_dn: 0.06, d0.loss_bbox_dn: 0.90, d1.loss_cls_dn: 0.05, d1.loss_bbox_dn: 0.86, d2.loss_cls_dn: 0.05, d2.loss_bbox_dn: 0.87, d3.loss_cls_dn: 0.05, d3.loss_bbox_dn: 0.89, d4.loss_cls_dn: 0.06, d4.loss_bbox_dn: 0.91, loss_cls: 0.65, loss_bbox: 1.36, d0.loss_cls: 0.80, d0.loss_bbox: 1.78, d1.loss_cls: 0.70, d1.loss_bbox: 1.56, d2.loss_cls: 0.67, d2.loss_bbox: 1.46, d3.loss_cls: 0.66, d3.loss_bbox: 1.41, d4.loss_cls: 0.65, d4.loss_bbox: 1.37, loss: 19.82, eta: 5 days, 22:52:35, time: 8.05s, data: 76ms, mem: 31355M
[2026-01-19 01:14:04,832][INFO] - Epoch [2/20][2200/3517] loss: 20.25, loss_depth: 1.05, loss_cls_dn: 0.06, loss_bbox_dn: 0.95, d0.loss_cls_dn: 0.06, d0.loss_bbox_dn: 0.92, d1.loss_cls_dn: 0.06, d1.loss_bbox_dn: 0.89, d2.loss_cls_dn: 0.06, d2.loss_bbox_dn: 0.89, d3.loss_cls_dn: 0.06, d3.loss_bbox_dn: 0.91, d4.loss_cls_dn: 0.06, d4.loss_bbox_dn: 0.93, loss_cls: 0.62, loss_bbox: 1.42, d0.loss_cls: 0.79, d0.loss_bbox: 1.82, d1.loss_cls: 0.71, d1.loss_bbox: 1.60, d2.loss_cls: 0.67, d2.loss_bbox: 1.52, d3.loss_cls: 0.64, d3.loss_bbox: 1.47, d4.loss_cls: 0.63, d4.loss_bbox: 1.44, loss: 20.25, eta: 5 days, 22:44:55, time: 7.84s, data: 77ms, mem: 31355M
[2026-01-19 01:20:41,691][INFO] - Epoch [2/20][2250/3517] loss: 20.31, loss_depth: 1.04, loss_cls_dn: 0.07, loss_bbox_dn: 0.94, d0.loss_cls_dn: 0.06, d0.loss_bbox_dn: 0.92, d1.loss_cls_dn: 0.06, d1.loss_bbox_dn: 0.88, d2.loss_cls_dn: 0.06, d2.loss_bbox_dn: 0.89, d3.loss_cls_dn: 0.06, d3.loss_bbox_dn: 0.90, d4.loss_cls_dn: 0.06, d4.loss_bbox_dn: 0.92, loss_cls: 0.66, loss_bbox: 1.40, d0.loss_cls: 0.80, d0.loss_bbox: 1.83, d1.loss_cls: 0.72, d1.loss_bbox: 1.62, d2.loss_cls: 0.69, d2.loss_bbox: 1.51, d3.loss_cls: 0.67, d3.loss_bbox: 1.46, d4.loss_cls: 0.66, d4.loss_bbox: 1.43, loss: 20.31, eta: 5 days, 22:38:30, time: 7.97s, data: 76ms, mem: 31355M
[2026-01-19 01:27:22,617][INFO] - Epoch [2/20][2300/3517] loss: 19.62, loss_depth: 1.02, loss_cls_dn: 0.06, loss_bbox_dn: 0.92, d0.loss_cls_dn: 0.06, d0.loss_bbox_dn: 0.88, d1.loss_cls_dn: 0.05, d1.loss_bbox_dn: 0.84, d2.loss_cls_dn: 0.05, d2.loss_bbox_dn: 0.85, d3.loss_cls_dn: 0.05, d3.loss_bbox_dn: 0.87, d4.loss_cls_dn: 0.06, d4.loss_bbox_dn: 0.89, loss_cls: 0.63, loss_bbox: 1.36, d0.loss_cls: 0.77, d0.loss_bbox: 1.77, d1.loss_cls: 0.68, d1.loss_bbox: 1.57, d2.loss_cls: 0.65, d2.loss_bbox: 1.48, d3.loss_cls: 0.64, d3.loss_bbox: 1.43, d4.loss_cls: 0.63, d4.loss_bbox: 1.39, loss: 19.62, eta: 5 days, 22:32:36, time: 8.03s, data: 77ms, mem: 31355M
[2026-01-19 01:34:07,749][INFO] - Epoch [2/20][2350/3517] loss: 19.38, loss_depth: 1.05, loss_cls_dn: 0.06, loss_bbox_dn: 0.89, d0.loss_cls_dn: 0.05, d0.loss_bbox_dn: 0.87, d1.loss_cls_dn: 0.05, d1.loss_bbox_dn: 0.83, d2.loss_cls_dn: 0.05, d2.loss_bbox_dn: 0.84, d3.loss_cls_dn: 0.05, d3.loss_bbox_dn: 0.85, d4.loss_cls_dn: 0.06, d4.loss_bbox_dn: 0.87, loss_cls: 0.61, loss_bbox: 1.35, d0.loss_cls: 0.76, d0.loss_bbox: 1.77, d1.loss_cls: 0.68, d1.loss_bbox: 1.55, d2.loss_cls: 0.65, d2.loss_bbox: 1.46, d3.loss_cls: 0.63, d3.loss_bbox: 1.40, d4.loss_cls: 0.62, d4.loss_bbox: 1.37, loss: 19.38, eta: 5 days, 22:27:48, time: 8.15s, data: 78ms, mem: 31355M
[2026-01-19 01:40:48,660][INFO] - Epoch [2/20][2400/3517] loss: 19.59, loss_depth: 1.04, loss_cls_dn: 0.06, loss_bbox_dn: 0.90, d0.loss_cls_dn: 0.06, d0.loss_bbox_dn: 0.88, d1.loss_cls_dn: 0.05, d1.loss_bbox_dn: 0.84, d2.loss_cls_dn: 0.05, d2.loss_bbox_dn: 0.85, d3.loss_cls_dn: 0.05, d3.loss_bbox_dn: 0.86, d4.loss_cls_dn: 0.06, d4.loss_bbox_dn: 0.88, loss_cls: 0.63, loss_bbox: 1.34, d0.loss_cls: 0.78, d0.loss_bbox: 1.78, d1.loss_cls: 0.70, d1.loss_bbox: 1.57, d2.loss_cls: 0.67, d2.loss_bbox: 1.47, d3.loss_cls: 0.64, d3.loss_bbox: 1.42, d4.loss_cls: 0.63, d4.loss_bbox: 1.37, loss: 19.59, eta: 5 days, 22:20:54, time: 7.93s, data: 78ms, mem: 31355M
[2026-01-19 01:47:28,593][INFO] - Epoch [2/20][2450/3517] loss: 19.34, loss_depth: 1.03, loss_cls_dn: 0.07, loss_bbox_dn: 0.88, d0.loss_cls_dn: 0.06, d0.loss_bbox_dn: 0.87, d1.loss_cls_dn: 0.06, d1.loss_bbox_dn: 0.83, d2.loss_cls_dn: 0.06, d2.loss_bbox_dn: 0.83, d3.loss_cls_dn: 0.06, d3.loss_bbox_dn: 0.84, d4.loss_cls_dn: 0.06, d4.loss_bbox_dn: 0.86, loss_cls: 0.62, loss_bbox: 1.34, d0.loss_cls: 0.79, d0.loss_bbox: 1.72, d1.loss_cls: 0.71, d1.loss_bbox: 1.52, d2.loss_cls: 0.67, d2.loss_bbox: 1.44, d3.loss_cls: 0.64, d3.loss_bbox: 1.39, d4.loss_cls: 0.63, d4.loss_bbox: 1.36, loss: 19.34, eta: 5 days, 22:13:54, time: 7.91s, data: 76ms, mem: 31355M
[2026-01-19 01:54:10,413][INFO] - Epoch [2/20][2500/3517] loss: 19.60, loss_depth: 1.02, loss_cls_dn: 0.06, loss_bbox_dn: 0.88, d0.loss_cls_dn: 0.06, d0.loss_bbox_dn: 0.88, d1.loss_cls_dn: 0.05, d1.loss_bbox_dn: 0.83, d2.loss_cls_dn: 0.05, d2.loss_bbox_dn: 0.84, d3.loss_cls_dn: 0.05, d3.loss_bbox_dn: 0.85, d4.loss_cls_dn: 0.06, d4.loss_bbox_dn: 0.86, loss_cls: 0.63, loss_bbox: 1.37, d0.loss_cls: 0.78, d0.loss_bbox: 1.78, d1.loss_cls: 0.69, d1.loss_bbox: 1.58, d2.loss_cls: 0.66, d2.loss_bbox: 1.49, d3.loss_cls: 0.64, d3.loss_bbox: 1.44, d4.loss_cls: 0.63, d4.loss_bbox: 1.40, loss: 19.60, eta: 5 days, 22:08:47, time: 8.12s, data: 75ms, mem: 31355M
[2026-01-19 02:00:45,237][INFO] - Epoch [2/20][2550/3517] loss: 20.08, loss_depth: 1.05, loss_cls_dn: 0.07, loss_bbox_dn: 0.92, d0.loss_cls_dn: 0.07, d0.loss_bbox_dn: 0.91, d1.loss_cls_dn: 0.06, d1.loss_bbox_dn: 0.87, d2.loss_cls_dn: 0.06, d2.loss_bbox_dn: 0.87, d3.loss_cls_dn: 0.06, d3.loss_bbox_dn: 0.88, d4.loss_cls_dn: 0.06, d4.loss_bbox_dn: 0.90, loss_cls: 0.64, loss_bbox: 1.39, d0.loss_cls: 0.80, d0.loss_bbox: 1.82, d1.loss_cls: 0.72, d1.loss_bbox: 1.59, d2.loss_cls: 0.69, d2.loss_bbox: 1.49, d3.loss_cls: 0.67, d3.loss_bbox: 1.44, d4.loss_cls: 0.65, d4.loss_bbox: 1.40, loss: 20.08, eta: 5 days, 22:01:44, time: 7.91s, data: 78ms, mem: 31355M
[2026-01-19 02:07:25,350][INFO] - Epoch [2/20][2600/3517] loss: 20.02, loss_depth: 1.04, loss_cls_dn: 0.06, loss_bbox_dn: 0.96, d0.loss_cls_dn: 0.06, d0.loss_bbox_dn: 0.89, d1.loss_cls_dn: 0.05, d1.loss_bbox_dn: 0.86, d2.loss_cls_dn: 0.05, d2.loss_bbox_dn: 0.87, d3.loss_cls_dn: 0.06, d3.loss_bbox_dn: 0.89, d4.loss_cls_dn: 0.06, d4.loss_bbox_dn: 0.92, loss_cls: 0.63, loss_bbox: 1.39, d0.loss_cls: 0.77, d0.loss_bbox: 1.81, d1.loss_cls: 0.68, d1.loss_bbox: 1.63, d2.loss_cls: 0.65, d2.loss_bbox: 1.52, d3.loss_cls: 0.64, d3.loss_bbox: 1.46, d4.loss_cls: 0.63, d4.loss_bbox: 1.42, loss: 20.02, eta: 5 days, 21:56:44, time: 8.14s, data: 78ms, mem: 31355M
[2026-01-19 02:14:03,414][INFO] - Epoch [2/20][2650/3517] loss: 19.45, loss_depth: 1.03, loss_cls_dn: 0.06, loss_bbox_dn: 0.89, d0.loss_cls_dn: 0.05, d0.loss_bbox_dn: 0.87, d1.loss_cls_dn: 0.05, d1.loss_bbox_dn: 0.83, d2.loss_cls_dn: 0.05, d2.loss_bbox_dn: 0.84, d3.loss_cls_dn: 0.05, d3.loss_bbox_dn: 0.85, d4.loss_cls_dn: 0.05, d4.loss_bbox_dn: 0.87, loss_cls: 0.62, loss_bbox: 1.36, d0.loss_cls: 0.77, d0.loss_bbox: 1.77, d1.loss_cls: 0.68, d1.loss_bbox: 1.57, d2.loss_cls: 0.65, d2.loss_bbox: 1.47, d3.loss_cls: 0.63, d3.loss_bbox: 1.42, d4.loss_cls: 0.63, d4.loss_bbox: 1.38, loss: 19.45, eta: 5 days, 21:50:03, time: 7.95s, data: 78ms, mem: 31355M
[2026-01-19 02:20:41,851][INFO] - Epoch [2/20][2700/3517] loss: 19.67, loss_depth: 1.03, loss_cls_dn: 0.06, loss_bbox_dn: 0.92, d0.loss_cls_dn: 0.06, d0.loss_bbox_dn: 0.89, d1.loss_cls_dn: 0.05, d1.loss_bbox_dn: 0.85, d2.loss_cls_dn: 0.05, d2.loss_bbox_dn: 0.86, d3.loss_cls_dn: 0.06, d3.loss_bbox_dn: 0.87, d4.loss_cls_dn: 0.06, d4.loss_bbox_dn: 0.90, loss_cls: 0.63, loss_bbox: 1.36, d0.loss_cls: 0.77, d0.loss_bbox: 1.79, d1.loss_cls: 0.68, d1.loss_bbox: 1.57, d2.loss_cls: 0.65, d2.loss_bbox: 1.48, d3.loss_cls: 0.64, d3.loss_bbox: 1.42, d4.loss_cls: 0.63, d4.loss_bbox: 1.39, loss: 19.67, eta: 5 days, 21:43:20, time: 7.95s, data: 78ms, mem: 31355M
[2026-01-19 02:27:24,477][INFO] - Epoch [2/20][2750/3517] loss: 19.61, loss_depth: 1.03, loss_cls_dn: 0.06, loss_bbox_dn: 0.91, d0.loss_cls_dn: 0.06, d0.loss_bbox_dn: 0.89, d1.loss_cls_dn: 0.06, d1.loss_bbox_dn: 0.85, d2.loss_cls_dn: 0.06, d2.loss_bbox_dn: 0.85, d3.loss_cls_dn: 0.06, d3.loss_bbox_dn: 0.87, d4.loss_cls_dn: 0.06, d4.loss_bbox_dn: 0.88, loss_cls: 0.62, loss_bbox: 1.36, d0.loss_cls: 0.77, d0.loss_bbox: 1.77, d1.loss_cls: 0.68, d1.loss_bbox: 1.57, d2.loss_cls: 0.65, d2.loss_bbox: 1.48, d3.loss_cls: 0.63, d3.loss_bbox: 1.43, d4.loss_cls: 0.63, d4.loss_bbox: 1.39, loss: 19.61, eta: 5 days, 21:37:17, time: 8.03s, data: 77ms, mem: 31355M
[2026-01-19 02:34:04,512][INFO] - Epoch [2/20][2800/3517] loss: 19.67, loss_depth: 1.03, loss_cls_dn: 0.06, loss_bbox_dn: 0.92, d0.loss_cls_dn: 0.06, d0.loss_bbox_dn: 0.91, d1.loss_cls_dn: 0.05, d1.loss_bbox_dn: 0.87, d2.loss_cls_dn: 0.05, d2.loss_bbox_dn: 0.87, d3.loss_cls_dn: 0.06, d3.loss_bbox_dn: 0.88, d4.loss_cls_dn: 0.06, d4.loss_bbox_dn: 0.90, loss_cls: 0.61, loss_bbox: 1.38, d0.loss_cls: 0.77, d0.loss_bbox: 1.79, d1.loss_cls: 0.68, d1.loss_bbox: 1.56, d2.loss_cls: 0.64, d2.loss_bbox: 1.48, d3.loss_cls: 0.62, d3.loss_bbox: 1.43, d4.loss_cls: 0.61, d4.loss_bbox: 1.40, loss: 19.67, eta: 5 days, 21:30:16, time: 7.91s, data: 78ms, mem: 31355M
[2026-01-19 02:40:46,019][INFO] - Epoch [2/20][2850/3517] loss: 19.62, loss_depth: 1.02, loss_cls_dn: 0.06, loss_bbox_dn: 0.92, d0.loss_cls_dn: 0.06, d0.loss_bbox_dn: 0.89, d1.loss_cls_dn: 0.05, d1.loss_bbox_dn: 0.86, d2.loss_cls_dn: 0.05, d2.loss_bbox_dn: 0.86, d3.loss_cls_dn: 0.06, d3.loss_bbox_dn: 0.88, d4.loss_cls_dn: 0.06, d4.loss_bbox_dn: 0.90, loss_cls: 0.62, loss_bbox: 1.35, d0.loss_cls: 0.79, d0.loss_bbox: 1.77, d1.loss_cls: 0.69, d1.loss_bbox: 1.56, d2.loss_cls: 0.66, d2.loss_bbox: 1.46, d3.loss_cls: 0.64, d3.loss_bbox: 1.41, d4.loss_cls: 0.62, d4.loss_bbox: 1.37, loss: 19.62, eta: 5 days, 21:23:57, time: 7.99s, data: 77ms, mem: 31355M
[2026-01-19 02:47:22,559][INFO] - Epoch [2/20][2900/3517] loss: 19.49, loss_depth: 1.02, loss_cls_dn: 0.06, loss_bbox_dn: 0.91, d0.loss_cls_dn: 0.06, d0.loss_bbox_dn: 0.88, d1.loss_cls_dn: 0.05, d1.loss_bbox_dn: 0.84, d2.loss_cls_dn: 0.05, d2.loss_bbox_dn: 0.84, d3.loss_cls_dn: 0.05, d3.loss_bbox_dn: 0.86, d4.loss_cls_dn: 0.06, d4.loss_bbox_dn: 0.88, loss_cls: 0.62, loss_bbox: 1.34, d0.loss_cls: 0.78, d0.loss_bbox: 1.79, d1.loss_cls: 0.70, d1.loss_bbox: 1.56, d2.loss_cls: 0.66, d2.loss_bbox: 1.46, d3.loss_cls: 0.63, d3.loss_bbox: 1.40, d4.loss_cls: 0.62, d4.loss_bbox: 1.36, loss: 19.49, eta: 5 days, 21:18:01, time: 8.04s, data: 79ms, mem: 31355M
[2026-01-19 02:53:59,348][INFO] - Epoch [2/20][2950/3517] loss: 19.75, loss_depth: 1.01, loss_cls_dn: 0.06, loss_bbox_dn: 0.92, d0.loss_cls_dn: 0.05, d0.loss_bbox_dn: 0.91, d1.loss_cls_dn: 0.05, d1.loss_bbox_dn: 0.86, d2.loss_cls_dn: 0.05, d2.loss_bbox_dn: 0.87, d3.loss_cls_dn: 0.05, d3.loss_bbox_dn: 0.88, d4.loss_cls_dn: 0.05, d4.loss_bbox_dn: 0.90, loss_cls: 0.62, loss_bbox: 1.37, d0.loss_cls: 0.78, d0.loss_bbox: 1.82, d1.loss_cls: 0.69, d1.loss_bbox: 1.59, d2.loss_cls: 0.65, d2.loss_bbox: 1.49, d3.loss_cls: 0.63, d3.loss_bbox: 1.43, d4.loss_cls: 0.63, d4.loss_bbox: 1.39, loss: 19.75, eta: 5 days, 21:11:16, time: 7.94s, data: 81ms, mem: 31355M
[2026-01-19 03:00:37,738][INFO] - Epoch [2/20][3000/3517] loss: 19.47, loss_depth: 1.02, loss_cls_dn: 0.06, loss_bbox_dn: 0.89, d0.loss_cls_dn: 0.06, d0.loss_bbox_dn: 0.87, d1.loss_cls_dn: 0.05, d1.loss_bbox_dn: 0.84, d2.loss_cls_dn: 0.05, d2.loss_bbox_dn: 0.84, d3.loss_cls_dn: 0.06, d3.loss_bbox_dn: 0.86, d4.loss_cls_dn: 0.06, d4.loss_bbox_dn: 0.87, loss_cls: 0.62, loss_bbox: 1.34, d0.loss_cls: 0.78, d0.loss_bbox: 1.77, d1.loss_cls: 0.71, d1.loss_bbox: 1.55, d2.loss_cls: 0.67, d2.loss_bbox: 1.45, d3.loss_cls: 0.64, d3.loss_bbox: 1.39, d4.loss_cls: 0.63, d4.loss_bbox: 1.36, loss: 19.47, eta: 5 days, 21:04:48, time: 7.98s, data: 82ms, mem: 31355M
[2026-01-19 03:07:17,635][INFO] - Epoch [2/20][3050/3517] loss: 19.37, loss_depth: 1.03, loss_cls_dn: 0.05, loss_bbox_dn: 0.88, d0.loss_cls_dn: 0.05, d0.loss_bbox_dn: 0.88, d1.loss_cls_dn: 0.05, d1.loss_bbox_dn: 0.84, d2.loss_cls_dn: 0.05, d2.loss_bbox_dn: 0.84, d3.loss_cls_dn: 0.05, d3.loss_bbox_dn: 0.85, d4.loss_cls_dn: 0.05, d4.loss_bbox_dn: 0.86, loss_cls: 0.64, loss_bbox: 1.32, d0.loss_cls: 0.78, d0.loss_bbox: 1.76, d1.loss_cls: 0.69, d1.loss_bbox: 1.55, d2.loss_cls: 0.66, d2.loss_bbox: 1.45, d3.loss_cls: 0.65, d3.loss_bbox: 1.39, d4.loss_cls: 0.64, d4.loss_bbox: 1.35, loss: 19.37, eta: 5 days, 20:58:08, time: 7.95s, data: 81ms, mem: 31355M
[2026-01-19 03:13:54,129][INFO] - Epoch [2/20][3100/3517] loss: 19.55, loss_depth: 1.04, loss_cls_dn: 0.06, loss_bbox_dn: 0.91, d0.loss_cls_dn: 0.06, d0.loss_bbox_dn: 0.89, d1.loss_cls_dn: 0.05, d1.loss_bbox_dn: 0.85, d2.loss_cls_dn: 0.05, d2.loss_bbox_dn: 0.85, d3.loss_cls_dn: 0.05, d3.loss_bbox_dn: 0.86, d4.loss_cls_dn: 0.06, d4.loss_bbox_dn: 0.88, loss_cls: 0.61, loss_bbox: 1.34, d0.loss_cls: 0.80, d0.loss_bbox: 1.81, d1.loss_cls: 0.69, d1.loss_bbox: 1.57, d2.loss_cls: 0.65, d2.loss_bbox: 1.46, d3.loss_cls: 0.64, d3.loss_bbox: 1.39, d4.loss_cls: 0.62, d4.loss_bbox: 1.36, loss: 19.55, eta: 5 days, 20:51:20, time: 7.94s, data: 82ms, mem: 31355M
[2026-01-19 03:20:32,749][INFO] - Epoch [2/20][3150/3517] loss: 19.68, loss_depth: 1.04, loss_cls_dn: 0.06, loss_bbox_dn: 0.89, d0.loss_cls_dn: 0.06, d0.loss_bbox_dn: 0.87, d1.loss_cls_dn: 0.05, d1.loss_bbox_dn: 0.83, d2.loss_cls_dn: 0.05, d2.loss_bbox_dn: 0.83, d3.loss_cls_dn: 0.05, d3.loss_bbox_dn: 0.85, d4.loss_cls_dn: 0.06, d4.loss_bbox_dn: 0.87, loss_cls: 0.62, loss_bbox: 1.39, d0.loss_cls: 0.79, d0.loss_bbox: 1.82, d1.loss_cls: 0.68, d1.loss_bbox: 1.60, d2.loss_cls: 0.65, d2.loss_bbox: 1.51, d3.loss_cls: 0.63, d3.loss_bbox: 1.45, d4.loss_cls: 0.62, d4.loss_bbox: 1.41, loss: 19.68, eta: 5 days, 20:45:17, time: 8.03s, data: 81ms, mem: 31355M
[2026-01-19 03:27:10,016][INFO] - Epoch [2/20][3200/3517] loss: 19.20, loss_depth: 1.04, loss_cls_dn: 0.06, loss_bbox_dn: 0.89, d0.loss_cls_dn: 0.06, d0.loss_bbox_dn: 0.87, d1.loss_cls_dn: 0.05, d1.loss_bbox_dn: 0.83, d2.loss_cls_dn: 0.05, d2.loss_bbox_dn: 0.83, d3.loss_cls_dn: 0.06, d3.loss_bbox_dn: 0.85, d4.loss_cls_dn: 0.06, d4.loss_bbox_dn: 0.87, loss_cls: 0.61, loss_bbox: 1.31, d0.loss_cls: 0.80, d0.loss_bbox: 1.75, d1.loss_cls: 0.69, d1.loss_bbox: 1.52, d2.loss_cls: 0.65, d2.loss_bbox: 1.43, d3.loss_cls: 0.63, d3.loss_bbox: 1.37, d4.loss_cls: 0.61, d4.loss_bbox: 1.33, loss: 19.20, eta: 5 days, 20:38:08, time: 7.89s, data: 81ms, mem: 31355M
[2026-01-19 03:33:43,542][INFO] - Epoch [2/20][3250/3517] loss: 19.62, loss_depth: 1.03, loss_cls_dn: 0.06, loss_bbox_dn: 0.91, d0.loss_cls_dn: 0.05, d0.loss_bbox_dn: 0.90, d1.loss_cls_dn: 0.05, d1.loss_bbox_dn: 0.86, d2.loss_cls_dn: 0.05, d2.loss_bbox_dn: 0.86, d3.loss_cls_dn: 0.05, d3.loss_bbox_dn: 0.87, d4.loss_cls_dn: 0.05, d4.loss_bbox_dn: 0.89, loss_cls: 0.60, loss_bbox: 1.36, d0.loss_cls: 0.79, d0.loss_bbox: 1.81, d1.loss_cls: 0.69, d1.loss_bbox: 1.58, d2.loss_cls: 0.65, d2.loss_bbox: 1.47, d3.loss_cls: 0.63, d3.loss_bbox: 1.42, d4.loss_cls: 0.61, d4.loss_bbox: 1.38, loss: 19.62, eta: 5 days, 20:30:49, time: 7.87s, data: 82ms, mem: 31355M
[2026-01-19 03:40:26,883][INFO] - Epoch [2/20][3300/3517] loss: 19.69, loss_depth: 1.00, loss_cls_dn: 0.06, loss_bbox_dn: 0.94, d0.loss_cls_dn: 0.06, d0.loss_bbox_dn: 0.90, d1.loss_cls_dn: 0.05, d1.loss_bbox_dn: 0.86, d2.loss_cls_dn: 0.05, d2.loss_bbox_dn: 0.87, d3.loss_cls_dn: 0.05, d3.loss_bbox_dn: 0.89, d4.loss_cls_dn: 0.05, d4.loss_bbox_dn: 0.91, loss_cls: 0.60, loss_bbox: 1.37, d0.loss_cls: 0.77, d0.loss_bbox: 1.81, d1.loss_cls: 0.67, d1.loss_bbox: 1.60, d2.loss_cls: 0.63, d2.loss_bbox: 1.49, d3.loss_cls: 0.61, d3.loss_bbox: 1.44, d4.loss_cls: 0.60, d4.loss_bbox: 1.39, loss: 19.69, eta: 5 days, 20:24:44, time: 8.03s, data: 83ms, mem: 31355M
[2026-01-19 03:47:08,279][INFO] - Epoch [2/20][3350/3517] loss: 19.00, loss_depth: 1.02, loss_cls_dn: 0.06, loss_bbox_dn: 0.87, d0.loss_cls_dn: 0.05, d0.loss_bbox_dn: 0.84, d1.loss_cls_dn: 0.05, d1.loss_bbox_dn: 0.80, d2.loss_cls_dn: 0.05, d2.loss_bbox_dn: 0.81, d3.loss_cls_dn: 0.05, d3.loss_bbox_dn: 0.82, d4.loss_cls_dn: 0.05, d4.loss_bbox_dn: 0.84, loss_cls: 0.60, loss_bbox: 1.32, d0.loss_cls: 0.78, d0.loss_bbox: 1.74, d1.loss_cls: 0.68, d1.loss_bbox: 1.53, d2.loss_cls: 0.64, d2.loss_bbox: 1.43, d3.loss_cls: 0.62, d3.loss_bbox: 1.38, d4.loss_cls: 0.61, d4.loss_bbox: 1.34, loss: 19.00, eta: 5 days, 20:19:31, time: 8.14s, data: 82ms, mem: 31355M
[2026-01-19 03:53:48,412][INFO] - Epoch [2/20][3400/3517] loss: 19.17, loss_depth: 1.03, loss_cls_dn: 0.06, loss_bbox_dn: 0.90, d0.loss_cls_dn: 0.05, d0.loss_bbox_dn: 0.84, d1.loss_cls_dn: 0.05, d1.loss_bbox_dn: 0.81, d2.loss_cls_dn: 0.05, d2.loss_bbox_dn: 0.82, d3.loss_cls_dn: 0.05, d3.loss_bbox_dn: 0.84, d4.loss_cls_dn: 0.05, d4.loss_bbox_dn: 0.87, loss_cls: 0.62, loss_bbox: 1.32, d0.loss_cls: 0.79, d0.loss_bbox: 1.74, d1.loss_cls: 0.70, d1.loss_bbox: 1.52, d2.loss_cls: 0.66, d2.loss_bbox: 1.42, d3.loss_cls: 0.64, d3.loss_bbox: 1.37, d4.loss_cls: 0.63, d4.loss_bbox: 1.34, loss: 19.17, eta: 5 days, 20:13:36, time: 8.05s, data: 81ms, mem: 31355M
[2026-01-19 04:00:26,864][INFO] - Epoch [2/20][3450/3517] loss: 19.18, loss_depth: 1.01, loss_cls_dn: 0.05, loss_bbox_dn: 0.85, d0.loss_cls_dn: 0.05, d0.loss_bbox_dn: 0.85, d1.loss_cls_dn: 0.05, d1.loss_bbox_dn: 0.81, d2.loss_cls_dn: 0.05, d2.loss_bbox_dn: 0.81, d3.loss_cls_dn: 0.05, d3.loss_bbox_dn: 0.82, d4.loss_cls_dn: 0.05, d4.loss_bbox_dn: 0.83, loss_cls: 0.61, loss_bbox: 1.37, d0.loss_cls: 0.79, d0.loss_bbox: 1.75, d1.loss_cls: 0.70, d1.loss_bbox: 1.55, d2.loss_cls: 0.66, d2.loss_bbox: 1.46, d3.loss_cls: 0.63, d3.loss_bbox: 1.40, d4.loss_cls: 0.62, d4.loss_bbox: 1.38, loss: 19.18, eta: 5 days, 20:06:49, time: 7.94s, data: 80ms, mem: 31355M
[2026-01-19 04:07:05,852][INFO] - Epoch [2/20][3500/3517] loss: 19.85, loss_depth: 1.04, loss_cls_dn: 0.05, loss_bbox_dn: 0.89, d0.loss_cls_dn: 0.05, d0.loss_bbox_dn: 0.87, d1.loss_cls_dn: 0.05, d1.loss_bbox_dn: 0.84, d2.loss_cls_dn: 0.05, d2.loss_bbox_dn: 0.84, d3.loss_cls_dn: 0.05, d3.loss_bbox_dn: 0.85, d4.loss_cls_dn: 0.05, d4.loss_bbox_dn: 0.87, loss_cls: 0.65, loss_bbox: 1.39, d0.loss_cls: 0.81, d0.loss_bbox: 1.82, d1.loss_cls: 0.72, d1.loss_bbox: 1.59, d2.loss_cls: 0.68, d2.loss_bbox: 1.50, d3.loss_cls: 0.66, d3.loss_bbox: 1.45, d4.loss_cls: 0.65, d4.loss_bbox: 1.41, loss: 19.85, eta: 5 days, 20:00:18, time: 7.97s, data: 81ms, mem: 31355M
[2026-01-19 04:09:23,578][INFO] - Saving checkpoint at 2 epochs
[2026-01-19 04:45:45,240][INFO] - --- Evaluation Results ---
[2026-01-19 04:45:45,240][INFO] - mAP: 0.1868
[2026-01-19 04:45:45,240][INFO] - mATE: 0.8423
[2026-01-19 04:45:45,240][INFO] - mASE: 0.2993
[2026-01-19 04:45:45,240][INFO] - mAOE: 1.0626
[2026-01-19 04:45:45,240][INFO] - mAVE: 0.4393
[2026-01-19 04:45:45,240][INFO] - mAAE: 0.2285
[2026-01-19 04:45:45,240][INFO] - NDS: 0.3125
[2026-01-19 04:52:37,974][INFO] - Epoch [3/20][50/3517] loss: 19.34, loss_depth: 1.03, loss_cls_dn: 0.05, loss_bbox_dn: 0.88, d0.loss_cls_dn: 0.05, d0.loss_bbox_dn: 0.87, d1.loss_cls_dn: 0.04, d1.loss_bbox_dn: 0.83, d2.loss_cls_dn: 0.04, d2.loss_bbox_dn: 0.83, d3.loss_cls_dn: 0.05, d3.loss_bbox_dn: 0.84, d4.loss_cls_dn: 0.05, d4.loss_bbox_dn: 0.86, loss_cls: 0.61, loss_bbox: 1.36, d0.loss_cls: 0.77, d0.loss_bbox: 1.78, d1.loss_cls: 0.69, d1.loss_bbox: 1.56, d2.loss_cls: 0.65, d2.loss_bbox: 1.46, d3.loss_cls: 0.63, d3.loss_bbox: 1.40, d4.loss_cls: 0.61, d4.loss_bbox: 1.38, loss: 19.34, eta: 5 days, 19:31:32, time: 8.00s, data: 81ms, mem: 31355M
[2026-01-19 04:59:18,018][INFO] - Epoch [3/20][100/3517] loss: 19.02, loss_depth: 1.02, loss_cls_dn: 0.05, loss_bbox_dn: 0.88, d0.loss_cls_dn: 0.05, d0.loss_bbox_dn: 0.85, d1.loss_cls_dn: 0.05, d1.loss_bbox_dn: 0.82, d2.loss_cls_dn: 0.05, d2.loss_bbox_dn: 0.82, d3.loss_cls_dn: 0.05, d3.loss_bbox_dn: 0.84, d4.loss_cls_dn: 0.05, d4.loss_bbox_dn: 0.86, loss_cls: 0.62, loss_bbox: 1.30, d0.loss_cls: 0.78, d0.loss_bbox: 1.74, d1.loss_cls: 0.69, d1.loss_bbox: 1.51, d2.loss_cls: 0.65, d2.loss_bbox: 1.41, d3.loss_cls: 0.63, d3.loss_bbox: 1.36, d4.loss_cls: 0.62, d4.loss_bbox: 1.32, loss: 19.02, eta: 5 days, 19:25:38, time: 8.04s, data: 81ms, mem: 31355M
[2026-01-19 05:06:00,049][INFO] - Epoch [3/20][150/3517] loss: 19.12, loss_depth: 1.02, loss_cls_dn: 0.05, loss_bbox_dn: 0.87, d0.loss_cls_dn: 0.05, d0.loss_bbox_dn: 0.86, d1.loss_cls_dn: 0.05, d1.loss_bbox_dn: 0.82, d2.loss_cls_dn: 0.05, d2.loss_bbox_dn: 0.82, d3.loss_cls_dn: 0.05, d3.loss_bbox_dn: 0.83, d4.loss_cls_dn: 0.05, d4.loss_bbox_dn: 0.85, loss_cls: 0.60, loss_bbox: 1.34, d0.loss_cls: 0.77, d0.loss_bbox: 1.75, d1.loss_cls: 0.68, d1.loss_bbox: 1.54, d2.loss_cls: 0.64, d2.loss_bbox: 1.44, d3.loss_cls: 0.63, d3.loss_bbox: 1.38, d4.loss_cls: 0.61, d4.loss_bbox: 1.36, loss: 19.12, eta: 5 days, 19:19:45, time: 8.04s, data: 83ms, mem: 31355M
[2026-01-19 05:12:41,422][INFO] - Epoch [3/20][200/3517] loss: 19.44, loss_depth: 1.01, loss_cls_dn: 0.05, loss_bbox_dn: 0.89, d0.loss_cls_dn: 0.05, d0.loss_bbox_dn: 0.87, d1.loss_cls_dn: 0.05, d1.loss_bbox_dn: 0.83, d2.loss_cls_dn: 0.05, d2.loss_bbox_dn: 0.83, d3.loss_cls_dn: 0.05, d3.loss_bbox_dn: 0.85, d4.loss_cls_dn: 0.05, d4.loss_bbox_dn: 0.87, loss_cls: 0.61, loss_bbox: 1.38, d0.loss_cls: 0.76, d0.loss_bbox: 1.82, d1.loss_cls: 0.67, d1.loss_bbox: 1.59, d2.loss_cls: 0.64, d2.loss_bbox: 1.48, d3.loss_cls: 0.62, d3.loss_bbox: 1.43, d4.loss_cls: 0.61, d4.loss_bbox: 1.40, loss: 19.44, eta: 5 days, 19:13:34, time: 8.00s, data: 86ms, mem: 31355M
[2026-01-19 05:19:25,609][INFO] - Epoch [3/20][250/3517] loss: 19.47, loss_depth: 1.03, loss_cls_dn: 0.06, loss_bbox_dn: 0.88, d0.loss_cls_dn: 0.05, d0.loss_bbox_dn: 0.86, d1.loss_cls_dn: 0.05, d1.loss_bbox_dn: 0.82, d2.loss_cls_dn: 0.05, d2.loss_bbox_dn: 0.82, d3.loss_cls_dn: 0.05, d3.loss_bbox_dn: 0.83, d4.loss_cls_dn: 0.05, d4.loss_bbox_dn: 0.85, loss_cls: 0.63, loss_bbox: 1.37, d0.loss_cls: 0.79, d0.loss_bbox: 1.81, d1.loss_cls: 0.69, d1.loss_bbox: 1.58, d2.loss_cls: 0.66, d2.loss_bbox: 1.48, d3.loss_cls: 0.64, d3.loss_bbox: 1.42, d4.loss_cls: 0.63, d4.loss_bbox: 1.39, loss: 19.47, eta: 5 days, 19:07:57, time: 8.08s, data: 88ms, mem: 31355M
[2026-01-19 05:26:01,636][INFO] - Epoch [3/20][300/3517] loss: 19.39, loss_depth: 1.02, loss_cls_dn: 0.06, loss_bbox_dn: 0.90, d0.loss_cls_dn: 0.05, d0.loss_bbox_dn: 0.87, d1.loss_cls_dn: 0.05, d1.loss_bbox_dn: 0.83, d2.loss_cls_dn: 0.05, d2.loss_bbox_dn: 0.84, d3.loss_cls_dn: 0.05, d3.loss_bbox_dn: 0.85, d4.loss_cls_dn: 0.05, d4.loss_bbox_dn: 0.88, loss_cls: 0.63, loss_bbox: 1.32, d0.loss_cls: 0.80, d0.loss_bbox: 1.77, d1.loss_cls: 0.70, d1.loss_bbox: 1.55, d2.loss_cls: 0.67, d2.loss_bbox: 1.44, d3.loss_cls: 0.65, d3.loss_bbox: 1.38, d4.loss_cls: 0.64, d4.loss_bbox: 1.34, loss: 19.39, eta: 5 days, 19:01:28, time: 7.96s, data: 89ms, mem: 31355M
[2026-01-19 05:32:38,258][INFO] - Epoch [3/20][350/3517] loss: 19.44, loss_depth: 1.03, loss_cls_dn: 0.06, loss_bbox_dn: 0.97, d0.loss_cls_dn: 0.05, d0.loss_bbox_dn: 0.86, d1.loss_cls_dn: 0.05, d1.loss_bbox_dn: 0.83, d2.loss_cls_dn: 0.05, d2.loss_bbox_dn: 0.85, d3.loss_cls_dn: 0.05, d3.loss_bbox_dn: 0.89, d4.loss_cls_dn: 0.05, d4.loss_bbox_dn: 0.93, loss_cls: 0.63, loss_bbox: 1.32, d0.loss_cls: 0.78, d0.loss_bbox: 1.74, d1.loss_cls: 0.70, d1.loss_bbox: 1.52, d2.loss_cls: 0.67, d2.loss_bbox: 1.42, d3.loss_cls: 0.65, d3.loss_bbox: 1.37, d4.loss_cls: 0.64, d4.loss_bbox: 1.34, loss: 19.44, eta: 5 days, 18:54:44, time: 7.93s, data: 92ms, mem: 31355M
